label,x0,x1,x2,x3,x4,x5,x6,x7,x8,x9,x10,x11,x12,x13,x14,x15,x16,x17,x18,x19,x20,x21,x22,x23,x24,x25,x26,x27,x28,x29,x30,x31,x32,y0,y1,y2,y3,y4,y5,y6,y7,y8,y9,y10,y11,y12,y13,y14,y15,y16,y17,y18,y19,y20,y21,y22,y23,y24,y25,y26,y27,y28,y29,y30,y31,y32,z0,z1,z2,z3,z4,z5,z6,z7,z8,z9,z10,z11,z12,z13,z14,z15,z16,z17,z18,z19,z20,z21,z22,z23,z24,z25,z26,z27,z28,z29,z30,z31,z32,v0,v1,v2,v3,v4,v5,v6,v7,v8,v9,v10,v11,v12,v13,v14,v15,v16,v17,v18,v19,v20,v21,v22,v23,v24,v25,v26,v27,v28,v29,v30,v31,v32
half_reps,0.522413969039917,0.5259694457054138,0.527420699596405,0.5290732979774475,0.5246230363845825,0.5250757336616516,0.5257011651992798,0.5388508439064026,0.5359538197517395,0.5276157259941101,0.5259811282157898,0.5581639409065247,0.5442084670066833,0.5564280152320862,0.5448659658432007,0.5385406613349915,0.5257934331893921,0.5367326140403748,0.5209377408027649,0.5327603220939636,0.5201469659805298,0.5328500866889954,0.5225966572761536,0.6090087294578552,0.589253842830658,0.5598496198654175,0.5527185201644897,0.5797617435455322,0.5654085874557495,0.5929086208343506,0.5727510452270508,0.5495367646217346,0.5370047092437744,0.354754239320755,0.3434969782829284,0.3435093760490417,0.3433898985385895,0.3433845341205597,0.3433311879634857,0.3430037200450897,0.3498786985874176,0.3481839001178741,0.3681460916996002,0.3683756291866302,0.4242019057273865,0.4152079224586487,0.5300394892692566,0.5120303630828857,0.6101440787315369,0.5885745286941528,0.6424624919891357,0.6068536043167114,0.6398994326591492,0.6100986003875732,0.6289156675338745,0.605690598487854,0.571126401424408,0.565869152545929,0.6975247859954834,0.6712639927864075,0.838988721370697,0.7916155457496643,0.8600907325744629,0.8053318858146667,0.8672067523002625,0.8112891912460327,-0.1202398017048835,-0.1354691982269287,-0.1354930847883224,-0.13551726937294,-0.1080579832196235,-0.1080657020211219,-0.1081123575568199,-0.1753424704074859,-0.0481198951601982,-0.1299717277288437,-0.0956865847110748,-0.2266722321510315,0.0444460585713386,-0.2486597746610641,0.0785645693540573,-0.2349512875080108,0.0224501118063926,-0.2680957615375519,0.0250229891389608,-0.2616716921329498,-0.0035901556257158,-0.2319229543209076,0.0092002851888537,-0.0836969316005706,0.0837921723723411,-0.1014057621359825,0.1556899398565292,-0.0674055591225624,0.2691530883312225,-0.0669215768575668,0.278878778219223,-0.1292748153209686,0.262617290019989,0.9995838403701782,0.9995569586753844,0.9995922446250916,0.9996890425682068,0.9995160102844238,0.9995155334472656,0.9995878338813782,0.9995814561843872,0.999347686767578,0.9997894763946532,0.999571979045868,0.999985933303833,0.9997381567955016,0.990517795085907,0.2552472352981567,0.9835522174835204,0.4227904379367828,0.973816454410553,0.397321879863739,0.9728867411613464,0.3974859416484833,0.9482066035270692,0.3833534717559814,0.9999406337738036,0.9996089935302734,0.9829858541488647,0.3675451278686523,0.993139386177063,0.4916226267814636,0.9790480732917786,0.5468798279762268,0.9887871146202089,0.6567748188972473
up,0.4502386748790741,0.4575875401496887,0.4596166014671325,0.4616364240646362,0.4558821320533752,0.4566408693790436,0.4574764668941498,0.4752222001552582,0.4706526398658752,0.4554916024208069,0.4536223709583282,0.4883930385112762,0.4796318411827087,0.5024622082710266,0.4852490127086639,0.5087645649909973,0.4908575117588043,0.5124979615211487,0.4830350577831268,0.5031799077987671,0.4805073738098144,0.5013796091079712,0.4898235499858856,0.487231433391571,0.4796456694602966,0.4852685034275055,0.4809558987617492,0.4821082055568695,0.4951807856559753,0.4955735802650451,0.5123282670974731,0.4356556832790375,0.4572349488735199,0.1662476360797882,0.1516196578741073,0.1520244777202606,0.1523719727993011,0.1510955989360809,0.150974228978157,0.150770217180252,0.1610396206378936,0.1587947010993957,0.1823478788137436,0.1823792159557342,0.2561860084533691,0.2544790804386139,0.4006005823612213,0.3893633484840393,0.5445505380630493,0.5084203481674194,0.5762242674827576,0.5431141257286072,0.5802291035652161,0.5498300790786743,0.5683649182319641,0.5391753911972046,0.514814019203186,0.5065456628799438,0.707219123840332,0.6594769954681396,0.8899010419845581,0.7869471907615662,0.9281142950057985,0.8162940740585327,0.9340980648994446,0.8383774161338806,-0.2002771943807602,-0.2232196033000946,-0.2232421487569809,-0.2233120799064636,-0.1864160150289535,-0.1863725632429123,-0.1863941252231598,-0.2733603715896606,-0.1102084442973136,-0.2148389965295791,-0.1674917191267013,-0.3384981751441955,0.01962904445827,-0.3747500479221344,0.0805882364511489,-0.3701587617397308,0.0333664044737815,-0.4113891720771789,0.0349926576018333,-0.4103746712207794,-0.0020338986068964,-0.3681291043758392,0.0162056498229503,-0.1091443672776222,0.1091569140553474,-0.0575959123671054,0.264516681432724,0.0131722996011376,0.4366315305233001,0.0134701384231448,0.4510698318481445,-0.0928706228733062,0.4187334477901459,0.999205470085144,0.9992592930793762,0.9994540214538574,0.9995924830436708,0.9988290667533876,0.998729169368744,0.9987202882766724,0.9996626377105712,0.9977400898933412,0.9996033906936646,0.998961329460144,0.9999818205833436,0.9986015558242798,0.9894883036613464,0.063216857612133,0.9613032341003418,0.089697353541851,0.9440245628356934,0.1020851358771324,0.9420101642608644,0.1022899374365806,0.9194191694259644,0.10451440513134,0.9999110102653505,0.9990237951278688,0.981026530265808,0.422282725572586,0.9919165372848512,0.5746370553970337,0.9780064821243286,0.6410972476005554,0.9875742197036744,0.7713693380355835
half_reps,0.4600494503974914,0.4605805277824402,0.4615189731121063,0.4625959098339081,0.4605509340763092,0.4614133834838867,0.4624214470386505,0.4727320969104767,0.4724900126457214,0.4671119451522827,0.4668245315551758,0.5035862326622009,0.4981772601604461,0.5105317234992981,0.5001830458641052,0.4986189603805542,0.4826359152793884,0.4978077113628387,0.4785879254341125,0.4929817020893097,0.4771419763565063,0.4928105771541595,0.4796271622180938,0.556472897529602,0.5406620502471924,0.4960071742534637,0.4892987906932831,0.5248194336891174,0.514988362789154,0.5382128357887268,0.5219531655311584,0.494625061750412,0.4875716269016266,0.4014334678649902,0.3886072039604187,0.387829452753067,0.3868891596794128,0.3883690237998962,0.3874192833900451,0.3861535787582397,0.3844590783119201,0.3832822144031524,0.4089030027389526,0.4093301296234131,0.4486309289932251,0.4375627636909485,0.5515403151512146,0.5317098498344421,0.6514953970909119,0.6041246056556702,0.6766526103019714,0.6200414299964905,0.6754240989685059,0.6229905486106873,0.6655904650688171,0.6184684038162231,0.5824688673019409,0.568446159362793,0.6862239837646484,0.6584826707839966,0.8166483044624329,0.7868787050247192,0.8417558073997498,0.784927487373352,0.8477689623832703,0.8035743236541748,-0.0945365652441978,-0.1101719364523887,-0.1101647242903709,-0.1101755425333976,-0.0861375704407692,-0.0861523225903511,-0.0861900150775909,-0.1482554525136947,-0.042988296598196,-0.1069992557168006,-0.0761436074972152,-0.2008520662784576,0.0460468418896198,-0.2036447674036026,0.0847816467285156,-0.1749320179224014,0.058570671826601,-0.1978350579738617,0.0651061236858367,-0.1929499953985214,0.0426842123270034,-0.1717502772808075,0.0485579632222652,-0.0754178762435913,0.0754000172019004,-0.0930359438061714,0.0896381139755249,-0.0392733477056026,0.1669362932443618,-0.0340982303023338,0.1740444004535675,-0.0542937852442264,0.1728584766387939,0.9997060894966124,0.9997159838676452,0.9997719526290894,0.9998334050178528,0.9995930194854736,0.9995433688163756,0.999560534954071,0.9998273253440856,0.9992398619651794,0.9998587965965272,0.999691367149353,0.9999970197677612,0.9997606873512268,0.9958288669586182,0.2299243211746215,0.9934329986572266,0.4134761989116668,0.9867172241210938,0.3734180331230163,0.9859238862991332,0.3725604712963104,0.9720516800880432,0.3702152967453003,0.9998881816864014,0.9993061423301696,0.9745258688926696,0.4679194986820221,0.9866968393325806,0.5502068400382996,0.9667826890945436,0.5992410778999329,0.9820407629013062,0.715056300163269
up,0.4746433794498443,0.4746198654174804,0.4743945896625519,0.4740209877490997,0.4723308384418487,0.4705148041248321,0.4683074057102203,0.4608682692050934,0.4542190134525299,0.4701151251792907,0.4667145609855652,0.4357542693614959,0.424163818359375,0.4773804843425751,0.4803617894649505,0.5025743246078491,0.499446839094162,0.5111228823661804,0.5084887742996216,0.5012012720108032,0.4983940422534942,0.4957587122917175,0.4924136102199554,0.4295956492424011,0.4126901924610138,0.4251351058483124,0.4088280498981476,0.4162858724594116,0.4063860774040222,0.4079397022724151,0.397923469543457,0.4596764743328094,0.4599070250988006,0.1662720590829849,0.1489473581314087,0.1483065783977508,0.1475613266229629,0.1476027518510818,0.1461133956909179,0.1444521099328994,0.1439132392406463,0.1418666839599609,0.180158644914627,0.1790501326322555,0.2222038954496383,0.2277703583240509,0.3147607147693634,0.3402377367019653,0.2626997232437134,0.2602216005325317,0.2474377602338791,0.2409917712211609,0.241520494222641,0.2328388392925262,0.2460980713367462,0.2410087287425995,0.4758597016334533,0.4870114922523498,0.6546236872673035,0.6944599747657776,0.8075207471847534,0.886225163936615,0.8507503867149353,0.9171394109725952,0.829321563243866,0.92960923910141,-0.0557023659348487,-0.0438240431249141,-0.0438129045069217,-0.0437900349497795,-0.0857278332114219,-0.0857719928026199,-0.0858009532094001,0.0290367230772972,-0.1604961454868316,-0.0238469466567039,-0.0782194137573242,0.1530585587024688,-0.2336900383234024,0.1559564918279647,-0.1919995248317718,-0.0030405248980969,0.0009412856888957,-0.0207507498562335,-0.0013160241069272,-0.0239569656550884,-0.0110108973458409,-0.0126405954360961,0.0043862503953278,0.122806005179882,-0.1228923127055168,0.2354816794395446,-0.0931942984461784,0.3641853332519531,-0.0732103735208511,0.3731832206249237,-0.0759007483720779,0.3391980230808258,-0.1611861884593963,0.9998534321784972,0.9998427629470824,0.9998263716697692,0.9998220205307008,0.9998534321784972,0.9998705983161926,0.9998666048049928,0.9995867013931274,0.9999175071716307,0.9997974634170532,0.9998364448547364,0.9995898008346558,0.9999776482582092,0.1109039783477783,0.9894068241119384,0.1851502805948257,0.9743247032165528,0.1986802369356155,0.9496469497680664,0.2056767642498016,0.9465937614440918,0.2235459238290786,0.9190554618835448,0.9975557923316956,0.9990347623825072,0.5433714389801025,0.9785106182098388,0.7130743861198425,0.984606683254242,0.6991881132125854,0.9598428010940552,0.8594226837158203,0.981009304523468
half_reps,0.3920021057128906,0.3930948674678802,0.3946111500263214,0.396218478679657,0.3923260569572449,0.393187552690506,0.3942193984985351,0.4091112315654754,0.4079739451408386,0.4003527462482452,0.399146020412445,0.4335143864154815,0.4452786147594452,0.372029960155487,0.4044552147388458,0.3672132194042206,0.3762204349040985,0.3572649359703064,0.3695757091045379,0.3698524236679077,0.3719586431980133,0.3739066123962402,0.3777508735656738,0.5047978758811951,0.4993487894535064,0.4140676856040954,0.4240915179252624,0.4587593078613281,0.4661927223205566,0.4781283438205719,0.4826346039772033,0.4164793193340301,0.4399995803833008,0.3047910630702972,0.2879359424114227,0.2867284715175628,0.2853543162345886,0.2883932590484619,0.287451684474945,0.2862202823162079,0.2851353883743286,0.2844571471214294,0.3163926601409912,0.3177410066127777,0.3479214310646057,0.3443899750709533,0.4342692494392395,0.4339406788349151,0.3653084635734558,0.3816624879837036,0.3451489806175232,0.374974250793457,0.3391756415367126,0.365357905626297,0.3481362462043762,0.3657059669494629,0.5363940000534058,0.5246619582176208,0.6482641100883484,0.6124072670936584,0.8339497447013855,0.761894941329956,0.8628084659576416,0.785901665687561,0.8740474581718445,0.8109790086746216,0.0137908179312944,-0.0073305764235556,-0.0072877625934779,-0.0073261205106973,0.0215525925159454,0.0215509627014398,0.0215703975409269,-0.0563461668789386,0.0705932155251503,-0.0027900042477995,0.0341000147163867,-0.1341902315616607,0.1695991158485412,-0.1022126376628875,0.2074190527200698,0.0822166949510574,0.1709015071392059,0.0839565768837928,0.1747257858514785,0.0784268304705619,0.1710447818040847,0.0859942138195037,0.1669302284717559,-0.1055430620908737,0.1056900173425674,-0.1987540423870086,0.2087889015674591,-0.2559179067611694,0.3027385473251343,-0.2604154646396637,0.3101857602596283,-0.3018362820148468,0.3062416911125183,0.9998279213905334,0.999842643737793,0.999866545200348,0.9998934864997864,0.999791979789734,0.9997681379318236,0.9997583627700806,0.9999030232429504,0.9995365738868712,0.9999025464057922,0.9997721910476683,0.9999784231185912,0.9995721578598022,0.9715024828910828,0.1103798970580101,0.8782747983932495,0.0973396152257919,0.8473801016807556,0.1103148609399795,0.8449618220329285,0.1080904677510261,0.8011993169784546,0.1085949689149856,0.9999253749847412,0.999567985534668,0.9894837141036988,0.4003416895866394,0.9947847127914428,0.6238546371459961,0.986435890197754,0.6731337308883667,0.9934499859809875,0.7940050959587097
arched_back,0.3563790619373321,0.3601897954940796,0.3617816567420959,0.3634055554866791,0.3594341874122619,0.3604225218296051,0.361546516418457,0.3763562738895416,0.3741212785243988,0.3635212182998657,0.3627618849277496,0.4078756272792816,0.398758053779602,0.3558402359485626,0.3623356521129608,0.3416512608528137,0.3475002348423004,0.3331563770771026,0.3421660363674164,0.3473177254199981,0.3511034846305847,0.3518357276916504,0.3546821475028991,0.4606339335441589,0.4445913434028625,0.3658750355243683,0.3724324107170105,0.4240647852420807,0.4268641471862793,0.4445961713790893,0.4455940127372741,0.3856085240840912,0.409981906414032,0.3065626323223114,0.2896029055118561,0.2889217138290405,0.2881751358509063,0.2890866994857788,0.2880920767784118,0.2869815826416015,0.2891712784767151,0.287300705909729,0.3190525770187378,0.3184511363506317,0.3611392974853515,0.3574811220169067,0.4755012094974518,0.4637479186058044,0.3932181894779205,0.3973942995071411,0.3703426122665405,0.3722243905067444,0.3605684340000152,0.3636117577552795,0.3684020042419433,0.3734814822673797,0.5511274337768555,0.5373463034629822,0.6669809222221375,0.6240290403366089,0.8245527744293213,0.7559529542922974,0.8475791215896606,0.7772274017333984,0.8708879947662354,0.8245947957038879,-0.0022001701872795,-0.0233575273305177,-0.0233109369874,-0.0233640391379594,0.0054266196675598,0.0054221795871853,0.0054252524860203,-0.070687249302864,0.0555644817650318,-0.0185251478105783,0.0178784932941198,-0.140961080789566,0.1519596725702285,-0.1005432084202766,0.1365050971508026,0.0737917944788932,0.0368158593773841,0.0738895758986473,0.0321138016879558,0.0697429552674293,0.0349498577415943,0.0780060663819313,0.0341429002583026,-0.1026825904846191,0.1027936115860939,-0.1844346672296524,0.2139616310596466,-0.2321660667657852,0.3128982186317444,-0.2356049567461013,0.321082204580307,-0.2719990015029907,0.3208348155021667,0.9999676942825316,0.9999827146530152,0.9999843835830688,0.9999849200248718,0.999975860118866,0.9999750256538392,0.9999783635139464,0.999984085559845,0.9999642968177797,0.9999668598175048,0.9999344348907472,0.9999779462814332,0.9997398853302002,0.942065417766571,0.1226496994495391,0.8578507304191589,0.1396978795528412,0.8318313360214233,0.1626228541135788,0.8311474323272705,0.1533482372760772,0.7912940979003906,0.149692103266716,0.99996018409729,0.9998599290847778,0.9930604696273804,0.3865944743156433,0.9965598583221436,0.6052830815315247,0.9905553460121156,0.661714494228363,0.9966866970062256,0.7966840863227844
arched_back,0.3610506951808929,0.3650802373886108,0.3666971921920776,0.3685689866542816,0.3642568290233612,0.3651400208473205,0.3661918938159942,0.3834901750087738,0.3796824514865875,0.3673930168151855,0.3659400641918182,0.4096771478652954,0.4013457596302032,0.3622073829174042,0.3609747290611267,0.3427604138851166,0.3439421951770782,0.3321699798107147,0.3347176313400268,0.3446325957775116,0.3454843461513519,0.3490599691867828,0.3502361178398132,0.4424880743026733,0.4322982430458069,0.3498537838459015,0.3631459474563598,0.4161301851272583,0.4230352938175201,0.4363361895084381,0.4423377215862274,0.3820463716983795,0.4060354828834533,0.2804314196109772,0.2651166617870331,0.2645390331745147,0.2637775540351867,0.2652543187141418,0.2647505700588226,0.2639836966991424,0.2682262063026428,0.268265962600708,0.2953684329986572,0.2948883175849914,0.3452197015285492,0.3543474376201629,0.4645403921604156,0.4686048626899719,0.3945300877094269,0.4009154736995697,0.3649473190307617,0.3656035661697387,0.3559778034687042,0.3621641099452972,0.3651947677135467,0.37263223528862,0.5603561401367188,0.5581616759300232,0.6998203992843628,0.6723130941390991,0.848475456237793,0.7954954504966736,0.866931676864624,0.8159658908843994,0.8946123719215393,0.8655716776847839,0.0501825995743274,0.0304349791258573,0.0304847937077283,0.0304402224719524,0.061830811202526,0.0618204660713672,0.0618275180459022,-0.0117436563596129,0.1248319074511528,0.0355915874242782,0.0750248730182647,-0.0961850136518478,0.2211422324180603,-0.0654353201389312,0.118779681622982,0.1291540712118148,-0.0875432267785072,0.1378153711557388,-0.1038378551602363,0.1375523954629898,-0.0903067886829376,0.1371166706085205,-0.0884112864732742,-0.1066673249006271,0.1066335290670394,-0.1778871715068817,0.1883780658245086,-0.2513926923274994,0.2493121922016143,-0.2584193646907806,0.2530544400215149,-0.2894366085529327,0.2507262527942657,0.9999833106994628,0.9999932050704956,0.999994456768036,0.999994933605194,0.9999909996986388,0.9999903440475464,0.999991774559021,0.9999933242797852,0.9999878406524658,0.9999774694442748,0.9999567866325378,0.9999709725379944,0.9997856020927428,0.9492247104644777,0.1572166830301284,0.9004048109054565,0.1995461583137512,0.8722993731498718,0.215461179614067,0.8685200214385986,0.1978990882635116,0.8348457217216492,0.1901454925537109,0.9999822974205016,0.9999407529830932,0.9954996109008788,0.3804146349430084,0.9971088171005248,0.5717498660087585,0.9947194457054138,0.6710770130157471,0.9972938895225524,0.7747094631195068
down,0.4092951714992523,0.4120504558086395,0.4135264456272125,0.4150338768959045,0.4111572802066803,0.41201052069664,0.4129492938518524,0.4286597073078155,0.42566978931427,0.4176779985427856,0.4163829684257507,0.4580081403255462,0.4564861059188843,0.3905533850193023,0.4090883433818817,0.3915475606918335,0.4005179107189178,0.3851408064365387,0.3949059545993805,0.3962230384349823,0.4039937555789947,0.400971382856369,0.4076740443706512,0.5228801965713501,0.5088397264480591,0.4239657819271087,0.4268025457859039,0.4761881530284881,0.4789579808712005,0.4943181574344635,0.4956620037555694,0.4397397339344024,0.461965262889862,0.4973887205123901,0.4832699298858642,0.4824209809303283,0.481436163187027,0.4834527969360351,0.4827176630496979,0.4817226827144623,0.4804836809635162,0.4780313670635223,0.508781373500824,0.5086002945899963,0.5530369281768799,0.5274658203125,0.621145486831665,0.5779610276222229,0.542725145816803,0.5374227166175842,0.5221064686775208,0.5135813355445862,0.5145173668861389,0.510500967502594,0.5240398049354553,0.5186147689819336,0.7106475830078125,0.6832237839698792,0.761756956577301,0.7312120795249939,0.9046096801757812,0.8553147912025452,0.9293038845062256,0.8721005320549011,0.9475505948066713,0.9082501530647278,-0.0556322485208511,-0.0731891766190528,-0.0731440782546997,-0.0731817856431007,-0.0515094883739948,-0.051529336720705,-0.0515166148543357,-0.1098892018198967,-0.0107134003192186,-0.0670487135648727,-0.0395034626126289,-0.171096995472908,0.0771910995244979,-0.1472842246294021,0.1761464476585388,0.0008182199671864,0.2559224963188171,-0.0010780828306451,0.2729820609092712,-0.0113028241321444,0.2764041125774383,0.0004137957585044,0.2587196230888366,-0.0903849303722381,0.090484619140625,-0.1245906502008438,0.1619216352701187,-0.1239338368177414,0.2368452996015548,-0.1216516941785812,0.2439727038145065,-0.1353015303611755,0.2542743384838104,0.9998472929000854,0.999896764755249,0.99991774559021,0.9999322891235352,0.9998485445976256,0.99983549118042,0.9998420476913452,0.9999205470085144,0.9997608661651612,0.9998731017112732,0.999753475189209,0.9999626278877258,0.9993879199028016,0.9707189202308656,0.2053035646677017,0.909010410308838,0.1141572967171669,0.8835110664367676,0.1254180371761322,0.8834639191627502,0.1187759712338447,0.8533732295036316,0.119079977273941,0.9999390244483948,0.9997594356536864,0.9781140089035034,0.4001910388469696,0.9921178817749025,0.5816617608070374,0.9871197938919068,0.6596860289573669,0.9910776615142822,0.7356763482093811
arched_back,0.3504314422607422,0.3524607717990875,0.3539111912250519,0.355385422706604,0.3517111539840698,0.3526104688644409,0.3536668717861175,0.3683397173881531,0.3669290244579315,0.358252614736557,0.3572498261928558,0.3986467719078064,0.3937525153160095,0.3357739150524139,0.3472132384777069,0.338192880153656,0.3426533043384552,0.3320929110050201,0.3392542004585266,0.3458064198493957,0.3432269394397735,0.3495822846889496,0.3504323363304138,0.4482240974903106,0.43706214427948,0.3475640118122101,0.3613702356815338,0.4155886769294739,0.4151898920536041,0.4381909668445587,0.4367440342903137,0.3794626891613006,0.3942762017250061,0.333816796541214,0.3162799775600433,0.3154723048210144,0.314709335565567,0.3155810534954071,0.314285546541214,0.3129775524139404,0.3161085844039917,0.3126856684684753,0.3480994701385498,0.346949815750122,0.3931157290935516,0.3827175199985504,0.4857505559921264,0.4751014411449432,0.3976093530654907,0.421044111251831,0.3685092329978943,0.3975706100463867,0.3640072345733642,0.39096400141716,0.3747314214706421,0.3876321315765381,0.5844358801841736,0.5655708909034729,0.6846615672111511,0.6374921202659607,0.8256508111953735,0.7650635838508606,0.8462613821029663,0.7799438834190369,0.8732398152351379,0.825488805770874,-0.0266974307596683,-0.0490808002650737,-0.0490483082830905,-0.0491173677146434,-0.0204481463879346,-0.0204193983227014,-0.0203911382704973,-0.0997118726372718,0.0265924148261547,-0.0433494709432125,-0.0068928971886634,-0.1708043664693832,0.1276406347751617,-0.1331510245800018,0.1672645956277847,0.0470760017633438,0.1584473699331283,0.0481452569365501,0.1661992967128753,0.0421009436249733,0.1699876487255096,0.0502103082835674,0.1587092131376266,-0.1048448011279106,0.1049748957157135,-0.1528740227222442,0.2239055633544922,-0.1390164941549301,0.340816855430603,-0.1351373344659805,0.3515304327011108,-0.1522114425897598,0.3601858019828796,0.999958038330078,0.9999776482582092,0.9999816417694092,0.9999812841415404,0.9999698996543884,0.9999672174453736,0.9999682307243348,0.9999810457229614,0.999952793121338,0.99995219707489,0.9999164938926696,0.999977171421051,0.9997125864028932,0.9481367468833924,0.1320572644472122,0.8533883094787598,0.1363788545131683,0.8241660594940186,0.1514317840337753,0.8241975903511047,0.1457212567329406,0.7878094911575317,0.1425134539604187,0.999957263469696,0.9998713731765748,0.9912838339805604,0.4164556264877319,0.9954357147216796,0.6172376871109009,0.9882985949516296,0.6785396337509155,0.9956050515174866,0.7907759547233582
down,0.393117219209671,0.3961400687694549,0.3979343473911285,0.39971524477005,0.3941123783588409,0.3946097791194916,0.3951628804206848,0.4139251708984375,0.4078556895256042,0.4024324417114258,0.3996876180171966,0.4453864097595215,0.4393742978572845,0.3793026804924011,0.3945250511169433,0.3770132958889007,0.383939266204834,0.3698373734951019,0.3772062957286834,0.3799777328968048,0.3851922750473022,0.3847172856330871,0.3893184661865234,0.5144656896591187,0.4963262379169464,0.4140162765979767,0.4164426028728485,0.469459980726242,0.4619978070259094,0.4874256551265716,0.4809685945510864,0.4366788864135742,0.4442723393440246,0.5490661859512329,0.5336703658103943,0.5324376821517944,0.5311968326568604,0.5348418354988098,0.534287691116333,0.5334083437919617,0.5312840342521667,0.5280649662017822,0.5607330203056335,0.5610685348510742,0.6016297340393066,0.5653944611549377,0.6760241985321045,0.6222609281539917,0.5870842933654785,0.5792642831802368,0.5642824172973633,0.5535805225372314,0.5570874214172363,0.5507599711418152,0.565100908279419,0.5593029260635376,0.7545836567878723,0.7284201383590698,0.7964969873428345,0.7713114619255066,0.9384302496910096,0.8899133205413818,0.9600754380226136,0.9111877679824828,0.9885880947113036,0.9478330016136168,-0.0579019226133823,-0.0733474865555763,-0.0733286440372467,-0.0733764991164207,-0.0547313131392002,-0.0547518618404865,-0.054745964705944,-0.1088484898209571,-0.0171828139573335,-0.065761849284172,-0.0422031469643116,-0.1709204763174057,0.0594057776033878,-0.1459317952394485,0.1637758761644363,0.0069107073359191,0.2362891584634781,0.0167658161371946,0.2507608234882355,-0.0013407450169324,0.2550584673881531,0.0046565965749323,0.2389968782663345,-0.0834130719304084,0.0834750682115554,-0.1152451112866401,0.1284287124872207,-0.1079636961221695,0.1874199509620666,-0.1049425080418586,0.1931187361478805,-0.1060462668538093,0.2061083763837814,0.9998374581336976,0.9998905062675476,0.9999114274978638,0.9999293088912964,0.9998409748077391,0.999823033809662,0.9998288154602052,0.9999056458473206,0.9997276067733764,0.9998537302017212,0.9997228384017944,0.9999424815177916,0.9993085861206056,0.9757379293441772,0.2740146815776825,0.9006373882293701,0.1311641484498977,0.8655615448951721,0.1377381086349487,0.8659625053405762,0.1298993676900863,0.8397963047027588,0.1301328539848327,0.9999215602874756,0.999768614768982,0.964141607284546,0.4080913364887237,0.9839309453964232,0.5016090869903564,0.9793776869773864,0.595058023929596,0.980437397956848,0.6358820199966431
half_reps,0.4203293621540069,0.4224980175495147,0.4239081740379333,0.4254507422447204,0.4218391478061676,0.4226307570934295,0.4234994947910309,0.4386256337165832,0.4350234568119049,0.4278665482997894,0.4268495440483093,0.468397706747055,0.4689717292785644,0.4077838361263275,0.4295268356800079,0.40320685505867,0.4130331575870514,0.3966203331947326,0.4079367518424988,0.407435804605484,0.414372444152832,0.4107997119426727,0.4167875349521637,0.518732488155365,0.5084041953086853,0.4222702980041504,0.4314695000648498,0.4772001802921295,0.4852297008037567,0.4973665177822113,0.5024707317352295,0.4354777038097381,0.4627195000648498,0.2739891409873962,0.2560877501964569,0.2550727725028991,0.2541539669036865,0.2559644281864166,0.2548067271709442,0.2537234127521515,0.2559289932250976,0.2543456554412842,0.2866348028182983,0.2861362993717193,0.3271711468696594,0.3187876045703888,0.4232132136821747,0.409500390291214,0.3370350003242492,0.3472512364387512,0.3151667416095733,0.3229642808437347,0.3081591427326202,0.3202683627605438,0.3168260157108307,0.3298315703868866,0.5323227643966675,0.5157022476196289,0.6528379321098328,0.6074536442756653,0.82416170835495,0.7566783428192139,0.8551984429359436,0.7737689018249512,0.86613929271698,0.8133525252342224,-0.0079170214012265,-0.0301131177693605,-0.0300813484936952,-0.030131047591567,0.0001006169331958,0.0001219186524394,0.0001255485694855,-0.082909420132637,0.0505905710160732,-0.0253666881471872,0.0132758747786283,-0.1597833037376403,0.1551556885242462,-0.1274250745773315,0.2207673341035843,0.0467688925564289,0.2266702502965927,0.0441851392388343,0.2351681143045425,0.0385289005935192,0.2318298667669296,0.0502187460660934,0.2240437865257263,-0.111120268702507,0.1112871468067169,-0.199444979429245,0.241285815834999,-0.2519108057022095,0.3666544258594513,-0.2557137608528137,0.3773129284381866,-0.3010889887809753,0.376554787158966,0.9999321699142456,0.9999514818191528,0.999957263469696,0.9999589920043944,0.9999300837516784,0.9999250173568726,0.999927818775177,0.9999604225158693,0.9998806118965148,0.9999395608901978,0.9998868107795716,0.9999855756759644,0.9997319579124452,0.9644441604614258,0.1061893105506897,0.8748897910118103,0.1013587862253189,0.8491949439048767,0.1196499243378639,0.850455641746521,0.1186492666602134,0.806016206741333,0.118525743484497,0.99995619058609,0.999791145324707,0.988548755645752,0.4168723225593567,0.9949744343757628,0.6173082590103149,0.985133409500122,0.6663483381271362,0.9950408339500428,0.7765114307403564
up,0.4384338557720184,0.4455263018608093,0.4475027620792389,0.4494828879833221,0.4440697431564331,0.4450544714927673,0.4461117386817932,0.4631774127483368,0.4587711095809936,0.4435202181339264,0.4418824911117553,0.478009283542633,0.464972972869873,0.4866760373115539,0.4677295088768005,0.4285286664962768,0.4335484504699707,0.4138471186161041,0.4197791516780853,0.4091229736804962,0.417057991027832,0.4145989716053009,0.4243033528327942,0.4817663133144378,0.4707053005695343,0.4789908528327942,0.4738121330738067,0.4781014323234558,0.4886533915996551,0.4929336011409759,0.4993211328983307,0.4319973289966583,0.4509994089603424,0.2004592716693878,0.1851266175508499,0.1854613274335861,0.1857033371925354,0.1844744384288787,0.1843373328447342,0.1841193288564682,0.1954759508371353,0.1926180124282837,0.2155022919178009,0.2154985070228576,0.2880380153656006,0.2917978763580322,0.4393022656440735,0.4234058856964111,0.5248286724090576,0.5024475455284119,0.5451276898384094,0.5267945528030396,0.5333648920059204,0.5217472910881042,0.5274173021316528,0.5182989239692688,0.5496304631233215,0.5409097671508789,0.7355340123176575,0.7032276391983032,0.9212737679481506,0.8278595805168152,0.9589858651161194,0.8534336686134338,0.965309739112854,0.8639839887619019,-0.1795828342437744,-0.2011810839176178,-0.2012156397104263,-0.2012693285942077,-0.1642708033323288,-0.1642347872257232,-0.1642123013734817,-0.2460722625255584,-0.0821167603135109,-0.1923663318157196,-0.1447961181402206,-0.3261058926582336,0.0536427944898605,-0.3327509760856628,0.1120390817523002,-0.2716041207313537,0.036662220954895,-0.307357519865036,0.0270701367408037,-0.3054527640342712,-0.0073361080139875,-0.2675763666629791,0.0186076741665601,-0.107269212603569,0.1071973890066146,-0.0135000525042414,0.3106713891029358,0.0569873563945293,0.4938274919986725,0.0594684928655624,0.5099642276763916,-0.0420416109263896,0.4837494492530823,0.999048113822937,0.9990441799163818,0.9992579221725464,0.9994685053825378,0.9985734820365906,0.9984238147735596,0.9984790682792664,0.9994863271713256,0.9972514510154724,0.9994992017745972,0.9987868666648864,0.9999749660491944,0.9989217519760132,0.9868381023406982,0.0693869590759277,0.9573673605918884,0.1122083067893982,0.9393593668937684,0.1221463307738304,0.9365909099578856,0.1227078735828399,0.9078253507614136,0.1236276030540466,0.9999005794525146,0.9991737008094788,0.9672360420227052,0.3646122813224792,0.986018717288971,0.5127544403076172,0.9661015272140504,0.5935807228088379,0.9807064533233644,0.7367291450500488
down,0.4969363510608673,0.4965189695358276,0.4960373938083648,0.4955333769321441,0.4947365820407867,0.4928873181343078,0.4905263781547546,0.4825605154037475,0.4785052239894867,0.4894665777683258,0.487390786409378,0.4475813508033752,0.4477549791336059,0.4968704581260681,0.519530177116394,0.5004748702049255,0.5076649785041809,0.5025171041488647,0.510265052318573,0.4925636351108551,0.5007289052009583,0.4899581372737884,0.4969664216041565,0.376796156167984,0.3595518171787262,0.4596079885959625,0.468723326921463,0.4089416563510895,0.4027525186538696,0.3984944522380829,0.3814262449741363,0.4346305429935455,0.4422556459903717,0.528896152973175,0.5143611431121826,0.5141501426696777,0.5139670968055725,0.5129465460777283,0.5117225050926208,0.5104742050170898,0.5100823640823364,0.5087817907333374,0.5396262407302856,0.5380877256393433,0.5479250550270081,0.569118320941925,0.6041290760040283,0.6529091596603394,0.5510311722755432,0.5588522553443909,0.5233698487281799,0.539070188999176,0.5194730162620544,0.5314784049987793,0.5314040780067444,0.5381714701652527,0.6947500109672546,0.7173274755477905,0.7192770838737488,0.7631722688674927,0.8493014574050903,0.9127487540245056,0.8645941019058228,0.9319971799850464,0.8828726410865784,0.9614732265472412,-0.0674973055720329,-0.0553271807730197,-0.0553564466536045,-0.0553834103047847,-0.08566415309906,-0.085734061896801,-0.0857324078679084,0.0170893613249063,-0.1119938045740127,-0.0372489020228385,-0.076798103749752,0.1340617537498474,-0.169621080160141,0.2166705876588821,-0.1441650688648224,0.2567099034786224,0.0197937320917844,0.2697939872741699,0.0184017810970544,0.2759277522563934,0.0064421105198562,0.2577031254768371,0.0189375411719083,0.1022004261612892,-0.1019998416304588,0.2268077731132507,-0.2321045398712158,0.340483546257019,-0.2646835446357727,0.3523123860359192,-0.2662704288959503,0.3628941774368286,-0.2915766835212707,0.9997257590293884,0.9997674226760864,0.9997523427009584,0.9997430443763732,0.9997954368591307,0.9998446702957152,0.9998667240142822,0.9996973276138306,0.999811589717865,0.9992084503173828,0.9993301630020142,0.9983057379722596,0.999635636806488,0.2524515688419342,0.9626096487045288,0.1510613560676574,0.9047673940658568,0.1270678639411926,0.8664312362670898,0.1301293224096298,0.875499427318573,0.1388899087905883,0.8619881272315979,0.9995641708374025,0.9998493194580078,0.4668017923831939,0.9899526834487916,0.5883500576019287,0.9941833019256592,0.5878831148147583,0.9872609972953796,0.7069724798202515,0.9915456771850586
arched_back,0.345890074968338,0.3474248647689819,0.3491424024105072,0.3510046005249023,0.3462352454662323,0.3470063507556915,0.3477644026279449,0.3646315038204193,0.3601691424846649,0.3554370701313019,0.3534532189369201,0.393088161945343,0.3829836249351501,0.3652291595935821,0.3554344773292541,0.3251771032810211,0.3257685303688049,0.3127370476722717,0.3133328855037689,0.3214323222637176,0.3236669600009918,0.3276513814926147,0.3294471204280853,0.4453842341899872,0.430198073387146,0.3469051420688629,0.3529302179813385,0.4094399213790893,0.4156991243362427,0.4318214356899261,0.4338701069355011,0.3715049624443054,0.4106861054897308,0.2397192269563675,0.2255612015724182,0.2240045368671417,0.2221740037202835,0.2257851362228393,0.2245100885629654,0.2229774445295334,0.2169050723314285,0.2179650515317917,0.2483199834823608,0.2482936084270477,0.2791377604007721,0.271285742521286,0.4041134715080261,0.3941055536270141,0.3307454884052276,0.3349641859531402,0.314183622598648,0.3140524625778198,0.2932488322257995,0.2986079454421997,0.3001258075237274,0.3058254718780517,0.4755080044269562,0.4665213823318481,0.6094878315925598,0.5715205073356628,0.7571025490760803,0.6879908442497253,0.7793309092521667,0.7061604261398315,0.8069641590118408,0.7584432363510132,0.00847071968019,-0.0137109719216823,-0.0136846648529171,-0.0137474350631237,0.0146229350939393,0.0146148866042494,0.0145868072286248,-0.0576378554105758,0.0659989193081855,-0.0045144069008529,0.0312967747449874,-0.1261155754327774,0.1691232025623321,-0.099886730313301,0.1657899320125579,0.0661532208323478,0.0488710887730121,0.0700083076953888,0.0459641069173812,0.0737713724374771,0.0496836975216865,0.0738376155495643,0.0462577790021896,-0.1019009500741958,0.1020238175988197,-0.1794299930334091,0.1885488778352737,-0.2150927931070327,0.3066659569740295,-0.2179270386695861,0.3176653683185577,-0.253494381904602,0.328076422214508,0.9999179840087892,0.9999688863754272,0.9999774694442748,0.9999781847000122,0.9999465346336364,0.999944508075714,0.9999434351921082,0.9999621510505676,0.9999296069145204,0.9999083876609802,0.9998224973678588,0.9999626874923706,0.999421000480652,0.9472388029098512,0.1693778932094574,0.8888545036315918,0.1306982636451721,0.8634409308433533,0.1445290744304657,0.8625972867012024,0.1322849243879318,0.8367095589637756,0.1290928423404693,0.9999828338623048,0.9999374747276306,0.9888644814491272,0.3316216170787811,0.9957329034805298,0.5500422120094299,0.9921741485595704,0.6443158388137817,0.9954431056976318,0.7390207648277283
half_reps,0.5174573063850403,0.5218344926834106,0.5229009389877319,0.5240414142608643,0.5211010575294495,0.52164626121521,0.5222654938697815,0.5323226451873779,0.531000554561615,0.5209651589393616,0.519949734210968,0.5433920621871948,0.5457940697669983,0.530053436756134,0.5420147776603699,0.5041503310203552,0.517702043056488,0.4971867203712463,0.5152667164802551,0.4954510331153869,0.5098376274108887,0.4982922673225403,0.5130901336669922,0.5961874127388,0.5856260061264038,0.5482856631278992,0.5441438555717468,0.5734602808952332,0.5650929808616638,0.5857448577880859,0.5725031495094299,0.5417329668998718,0.5350675582885742,0.3675174117088318,0.3567059934139251,0.3570882380008697,0.3574177920818329,0.3555578887462616,0.355141669511795,0.3546554744243622,0.3646914958953857,0.361721783876419,0.3794191479682922,0.3791960775852203,0.4354107975959778,0.4251184165477752,0.5445250868797302,0.5247236490249634,0.6280242800712585,0.6060197353363037,0.6515606641769409,0.6128609776496887,0.648862898349762,0.617533802986145,0.6396454572677612,0.6161203384399414,0.5785675048828125,0.5702736973762512,0.6924386024475098,0.6650499105453491,0.8305503129959106,0.7851976156234741,0.8522253036499023,0.8012188673019409,0.8542969226837158,0.8071330189704895,-0.1296442598104477,-0.1461299806833267,-0.1461541056632995,-0.1461833268404007,-0.1184905394911766,-0.118488423526287,-0.1185294389724731,-0.1835995018482208,-0.0605346038937568,-0.1411249488592147,-0.1052088066935539,-0.2387504577636718,0.039544615894556,-0.2534051537513733,0.0710635259747505,-0.2200525850057602,0.0252404417842626,-0.2501764893531799,0.0274249613285064,-0.2416119277477264,0.0013298162957653,-0.2157466411590576,0.0130896279588341,-0.0878965631127357,0.0880163088440895,-0.0829956158995628,0.1645275056362152,-0.0290835965424776,0.2835096418857574,-0.0261860862374305,0.2940476536750793,-0.0787807032465934,0.283963143825531,0.999161660671234,0.9991255402565002,0.9992853999137878,0.9994504451751708,0.9989677667617798,0.9989472031593324,0.9990609288215636,0.9993621706962584,0.9983236789703368,0.9996330738067628,0.9991890788078308,0.999994456768036,0.9996507167816162,0.9933892488479614,0.0921796187758445,0.98460054397583,0.1571993976831436,0.9734254479408264,0.1609507799148559,0.9717105627059937,0.1586649715900421,0.942943274974823,0.1532346308231353,0.9998725056648254,0.9991534352302552,0.9838554859161376,0.4452168047428131,0.994020700454712,0.6853832602500916,0.9832239747047424,0.7094058394432068,0.9923803210258484,0.8518548607826233
down,0.3792333006858825,0.382431298494339,0.3839623630046844,0.3853758573532104,0.3813479542732239,0.3823023736476898,0.3832996189594269,0.3971289396286011,0.396227091550827,0.3888438642024994,0.3876364827156067,0.4284078776836395,0.4307833909988403,0.362009048461914,0.3931051194667816,0.3561558723449707,0.3637066185474396,0.3492094576358795,0.3551623225212097,0.3567979037761688,0.3645009100437164,0.3622167706489563,0.3695507645606994,0.5150178074836731,0.4964917004108429,0.413331001996994,0.416146457195282,0.4672050178050995,0.4617753028869629,0.4869185090065002,0.4761771261692047,0.4354838132858276,0.4358761012554168,0.5376775860786438,0.5260023474693298,0.5263249278068542,0.5267481803894043,0.5238217711448669,0.5224254131317139,0.5209280848503113,0.5290918350219727,0.5189480185508728,0.5496418476104736,0.5479902029037476,0.595363974571228,0.549781084060669,0.6677614450454712,0.611160397529602,0.5770880579948425,0.5725622773170471,0.5579124689102173,0.5541325807571411,0.5510008931159973,0.5471400618553162,0.5562326312065125,0.5537142157554626,0.7298079133033752,0.6973318457603455,0.7656912803649902,0.7351024746894836,0.9056801795959472,0.8615003228187561,0.9305150508880616,0.8793700337409973,0.9647554755210876,0.9212610125541688,-0.0552675686776638,-0.0750104710459709,-0.0749678909778595,-0.0750208646059036,-0.0496212244033813,-0.0496324151754379,-0.0496089719235897,-0.1207820549607276,-0.0082714091986417,-0.0703428015112876,-0.0377288088202476,-0.1881638914346695,0.0808238759636879,-0.1617190837860107,0.2149587422609329,-0.008442779071629,0.3088368773460388,-0.0146362762898206,0.3327625095844269,-0.0250428207218647,0.3285394012928009,-0.0092718666419386,0.3093697130680084,-0.0979679971933364,0.0980827286839485,-0.1376411020755767,0.1729964464902877,-0.1341472119092941,0.2455479651689529,-0.1319238692522049,0.2522529065608978,-0.1426925212144851,0.2658585608005523,0.9998494386672974,0.9999436140060424,0.9999555945396424,0.9999611377716064,0.9999180436134338,0.9998971223831176,0.999890387058258,0.999923586845398,0.9998621940612792,0.9997989535331726,0.999733030796051,0.9999306797981262,0.9987547397613524,0.9645528197288512,0.1275821477174759,0.8749751448631287,0.0931030511856079,0.8473275303840637,0.1122598126530647,0.8480748534202576,0.1094432547688484,0.8121264576911926,0.1116161048412323,0.999907910823822,0.999734342098236,0.963431715965271,0.3319740891456604,0.9806604385375975,0.4959376752376556,0.9736699461936952,0.6003918647766113,0.9761084914207458,0.6277110576629639
half_reps,0.4163006544113159,0.4202589392662048,0.4218704104423523,0.4241031408309936,0.418357253074646,0.4186099469661712,0.4189284741878509,0.4386118352413177,0.4322966933250427,0.4244173467159271,0.42153200507164,0.4639423489570617,0.4578208327293396,0.4241752326488495,0.4355836808681488,0.4014074206352234,0.4187948405742645,0.3921582400798797,0.4165247976779938,0.399408221244812,0.4222618341445923,0.4051862359046936,0.4182234704494476,0.5065632462501526,0.4961217045783996,0.4128116071224212,0.4152593910694122,0.4686122238636017,0.4781036972999573,0.4884836375713348,0.4943232238292694,0.424352079629898,0.4497891962528229,0.2286913394927978,0.2147321701049804,0.2147647440433502,0.2148247808218002,0.2139623016119003,0.2134275436401367,0.2127598822116851,0.2208175659179687,0.2180493175983429,0.2460188716650009,0.2447022944688797,0.2967359721660614,0.3054681718349457,0.4233998656272888,0.4339611828327179,0.339257538318634,0.4395026266574859,0.3202646672725677,0.4401032328605652,0.311448723077774,0.4400976896286011,0.3188127875328064,0.4269518554210663,0.5078682899475098,0.503684937953949,0.6545522809028625,0.6238076686859131,0.8306481242179871,0.7618753910064697,0.8584687113761902,0.7768802642822266,0.8731027245521545,0.820354163646698,0.0291102025657892,0.0113549847155809,0.0114020714536309,0.0113728595897555,0.0421540848910808,0.0421405397355556,0.042130421847105,-0.0236659236252307,0.1086069867014885,0.0157296732068061,0.0544659905135631,-0.1031851917505264,0.2038355767726898,-0.0695009529590606,0.1525038629770279,0.1195547059178352,-0.0224435832351446,0.1241822689771652,-0.0354773066937923,0.1214082315564155,-0.0354683510959148,0.1256910264492035,-0.0274613220244646,-0.1091034114360809,0.1090741455554962,-0.2102135717868805,0.1926982104778289,-0.3095366060733795,0.2508338391780853,-0.3202295303344726,0.2537406086921692,-0.3696778118610382,0.2482932060956955,0.9999325275421144,0.9999481439590454,0.9999507069587708,0.99995219707489,0.999927580356598,0.9999201893806458,0.9999239444732666,0.9999635219573976,0.9998854398727416,0.9999555945396424,0.9999122619628906,0.99998277425766,0.9997875094413756,0.9569745063781738,0.0798780545592308,0.828595757484436,0.0875378176569938,0.7941550016403198,0.1159906238317489,0.7943168878555298,0.1138303056359291,0.740338921546936,0.1150488331913948,0.9999452829360962,0.9997125267982484,0.9922246336936952,0.4337765276432037,0.9955695867538452,0.6202365756034851,0.9857656359672546,0.6672729849815369,0.995544970035553,0.8046540021896362
up,0.4794555604457855,0.4774067103862762,0.4767463803291321,0.4758519232273102,0.4758295714855194,0.4740892946720123,0.4720270931720733,0.463207334280014,0.4593270421028137,0.4736752808094024,0.4717172384262085,0.4425293803215027,0.4335161447525024,0.4677969813346863,0.4764513075351715,0.5008822679519653,0.5034983158111572,0.5103614926338196,0.5104070901870728,0.5012742877006531,0.5006557106971741,0.4963856339454651,0.4965114295482635,0.435310035943985,0.4199841618537903,0.4299143850803375,0.4120410978794098,0.4157552719116211,0.4065591990947723,0.4058681130409241,0.3969437777996063,0.4564670622348785,0.46005380153656,0.1903728544712066,0.1739822775125503,0.1731061041355133,0.1720389723777771,0.1732386201620102,0.1718317717313766,0.1701562255620956,0.1699990928173065,0.1693845093250274,0.2022167295217514,0.2021076381206512,0.2484386563301086,0.2490957975387573,0.3566272854804992,0.3676265776157379,0.3113132119178772,0.3069045841693878,0.2948920130729675,0.2899304330348968,0.2873224914073944,0.2826480865478515,0.2923021912574768,0.2884297370910644,0.4940615594387054,0.5034981369972229,0.6800569295883179,0.7164281010627747,0.8355532884597778,0.9121951460838318,0.851725697517395,0.9431105256080629,0.8668332695960999,0.9603185653686525,-0.0349080078303813,-0.0235877837985754,-0.0235719941556453,-0.0235551837831735,-0.0634695813059806,-0.0635108426213264,-0.0635567530989646,0.0478270836174488,-0.1299930661916732,-0.0040105250664055,-0.0557731203734874,0.1650778800249099,-0.2068071663379669,0.1112713143229484,-0.159986212849617,-0.0941665694117546,0.0404870584607124,-0.1213315725326538,0.0431297905743122,-0.1207601204514503,0.035001914948225,-0.1037294641137123,0.0452663898468017,0.1186446845531463,-0.1187814325094223,0.2407828867435455,-0.0926948264241218,0.3689256608486175,-0.0908411368727684,0.3779253661632538,-0.0943198278546333,0.3398302495479584,-0.1665201932191848,0.9997766017913818,0.9997997283935548,0.9997981190681458,0.999812662601471,0.999804139137268,0.9998173117637634,0.9998471140861512,0.9995893239974976,0.9998489618301392,0.9996101260185242,0.9997593760490416,0.999291718006134,0.9999665021896362,0.0919195860624313,0.9797894954681396,0.1635224223136901,0.939955711364746,0.1880357265472412,0.917609930038452,0.1937193870544433,0.9140273928642272,0.2059405595064163,0.8862556219100952,0.9978105425834656,0.999399960041046,0.5042325258255005,0.9877678155899048,0.6847350001335144,0.9885379076004028,0.6882504820823669,0.9703531265258788,0.8296388387680054,0.9849695563316344
up,0.4746091961860657,0.4708365499973297,0.4702028334140777,0.4693036377429962,0.4678878486156463,0.4655578732490539,0.462923914194107,0.455744206905365,0.4501184821128845,0.4697083532810211,0.4665185809135437,0.4391665756702423,0.4293168783187866,0.438043475151062,0.4165938794612884,0.4656671285629272,0.4736543595790863,0.472271054983139,0.4892961084842682,0.4738028347492218,0.4882411658763885,0.4688977897167206,0.4831766486167907,0.4270100593566894,0.4130352437496185,0.4184302985668182,0.4007385671138763,0.4026992619037628,0.3972219228744507,0.3950657248497009,0.3864254951477051,0.4442663192749023,0.4483632743358612,0.168118804693222,0.1519106924533844,0.1516302973031997,0.1511737704277038,0.1509383469820022,0.1500774621963501,0.1490949541330337,0.1542391926050186,0.1542766243219375,0.1832954734563827,0.1829324811697006,0.2371885776519775,0.2410260289907455,0.3490974307060241,0.3826387822628021,0.3886630535125732,0.3954543471336365,0.3987642228603363,0.3978404998779297,0.3785540461540222,0.3823885023593902,0.3808520436286926,0.3811474740505218,0.4909582138061523,0.4992517530918121,0.6484285593032837,0.6900617480278015,0.7942248582839966,0.8844725489616394,0.8093293309211731,0.9238199591636658,0.8344275951385498,0.9370923638343812,-0.0835164561867713,-0.0687606483697891,-0.0688086450099945,-0.0688103437423706,-0.103968895971775,-0.1040135771036148,-0.104111835360527,0.0094304513186216,-0.1477890908718109,-0.0503409691154956,-0.095977284014225,0.1382824331521988,-0.2241253554821014,0.2200963795185089,-0.2473553270101547,0.1487935483455658,-0.1977045536041259,0.141296699643135,-0.2221353203058242,0.1171133369207382,-0.2210804969072342,0.1340150237083435,-0.1941074430942535,0.1171945631504058,-0.1171122044324874,0.2686465382575989,-0.0973268523812294,0.4272741079330444,-0.0734533369541168,0.4384258389472961,-0.0767559558153152,0.3974887132644653,-0.1739734560251236,0.9979010224342346,0.9959352016448976,0.9955354928970336,0.9962368011474608,0.9976023435592652,0.9976450204849244,0.9981921911239624,0.987863540649414,0.99749755859375,0.995037078857422,0.9978528022766112,0.9973066449165344,0.9999002814292908,0.0859772786498069,0.9841604232788086,0.1017372906208038,0.9536761045455932,0.1312561631202697,0.9379647970199584,0.1350863873958587,0.9355250597000122,0.1362605541944503,0.9021512269973756,0.9911885261535645,0.9982078671455384,0.5176530480384827,0.9885869026184082,0.6862279176712036,0.987159550189972,0.704655647277832,0.965810775756836,0.815820038318634,0.982947051525116
up,0.4563360810279846,0.4531245827674866,0.4524129629135132,0.4514006078243255,0.4509134888648987,0.4487830698490143,0.4464763402938843,0.4381093978881836,0.4335655868053436,0.4510764181613922,0.4485509991645813,0.419113427400589,0.4116368293762207,0.4323181211948395,0.4228728115558624,0.4631425142288208,0.4670052826404571,0.4720462560653686,0.4781875312328338,0.4697903990745544,0.4763850271701813,0.4652101695537567,0.4719126522541046,0.4085317850112915,0.395515114068985,0.4100018739700317,0.3819498717784881,0.3892874121665954,0.3855037689208984,0.3798679113388061,0.3752904534339905,0.4317393898963928,0.4375203549861908,0.1904443651437759,0.1737965792417526,0.1732928156852722,0.1726260930299759,0.1725089848041534,0.1711515933275222,0.1697433590888977,0.1736722439527511,0.1727168709039688,0.2041747421026229,0.2034533470869064,0.2531927824020386,0.2607102990150451,0.3685719966888428,0.3887081742286682,0.3482031524181366,0.3639846742153168,0.3462027907371521,0.3601899445056915,0.332546204328537,0.3453134596347809,0.3374028205871582,0.3468603193759918,0.5026418566703796,0.5128070116043091,0.6762155890464783,0.7110357284545898,0.8193535208702087,0.9046711921691896,0.8331960439682007,0.9417283535003662,0.8601398468017578,0.9563536643981934,-0.0745992138981819,-0.0627572610974311,-0.0627571940422058,-0.0627361163496971,-0.1006879955530166,-0.1007353216409683,-0.1007904335856437,0.0142076797783374,-0.1562113314867019,-0.0415704511106014,-0.0910389199852943,0.1339406669139862,-0.227823793888092,0.1180390864610672,-0.2037347257137298,-0.0722143426537513,-0.0451254583895206,-0.0983181521296501,-0.0534717999398708,-0.1079297438263893,-0.0607116892933845,-0.0851279869675636,-0.0414673686027526,0.1173841208219528,-0.1174359247088432,0.2750773727893829,-0.0597619079053401,0.4282312393188476,-0.005609125830233,0.439449280500412,-0.0042990488000214,0.3961255252361297,-0.0922751277685165,0.9997581839561462,0.9997198581695556,0.9997020959854126,0.999728500843048,0.9997661113739014,0.9997743368148804,0.9998188614845276,0.9993848204612732,0.9997873306274414,0.9995572566986084,0.9997395873069764,0.999325156211853,0.9999555945396424,0.1051873713731765,0.9825083017349244,0.2048299908638,0.9549664855003356,0.2433068752288818,0.9368672370910645,0.2504298090934753,0.9351856112480164,0.255371481180191,0.910402536392212,0.997718632221222,0.9994037747383118,0.5987035632133484,0.992249608039856,0.7579854726791382,0.99161559343338,0.7593796253204346,0.9752948880195618,0.863772988319397,0.9891778230667114
half_reps,0.5250323414802551,0.5297037959098816,0.5310176610946655,0.5325065851211548,0.5286259651184082,0.5290712714195251,0.5296209454536438,0.5422333478927612,0.5380513072013855,0.5286949872970581,0.5269174575805664,0.5564068555831909,0.5439141988754272,0.5310066938400269,0.5288556814193726,0.4936113655567169,0.4956197142601013,0.4850077331066131,0.4870629608631134,0.4817637503147125,0.4850994348526001,0.4845253229141235,0.4881391525268554,0.5989735126495361,0.5796196460723877,0.5497854948043823,0.5456796288490295,0.5695880055427551,0.5627191066741943,0.5805849432945251,0.5712655186653137,0.5378753542900085,0.5327652096748352,0.3718640208244324,0.3583385944366455,0.3586689531803131,0.3590584695339203,0.3574295938014984,0.3569239974021911,0.3564164936542511,0.367035448551178,0.3633805811405182,0.3857837915420532,0.3856717944145202,0.4425015747547149,0.4299518167972564,0.5500372052192688,0.5264533758163452,0.6320072412490845,0.5931608080863953,0.6524404883384705,0.6077333688735962,0.6465446352958679,0.6069760322570801,0.6400522589683533,0.6028050780296326,0.5978630185127258,0.5884824395179749,0.7168808579444885,0.6955196857452393,0.8612667322158813,0.8114365935325623,0.8836817145347595,0.8195092678070068,0.8832813501358032,0.8317824006080627,-0.1827766895294189,-0.1990094035863876,-0.199027806520462,-0.1990563124418258,-0.1714391857385635,-0.1714491099119186,-0.1714939624071121,-0.2304122447967529,-0.1074907258152961,-0.1913822293281555,-0.155520960688591,-0.2795376479625702,0.0023022776003926,-0.3125628232955932,0.0500547252595424,-0.3116639256477356,0.0024166281800717,-0.3501421213150024,0.0020062734838575,-0.3441399037837982,-0.0286561883985996,-0.3095196187496185,-0.0118249366059899,-0.0895036160945892,0.0895891115069389,-0.0928782895207405,0.1767304688692093,-0.0380899123847484,0.3005705177783966,-0.0358070023357868,0.3111774623394012,-0.0949621275067329,0.2936517596244812,0.999483048915863,0.9994271993637084,0.9995198845863342,0.9996159672737122,0.9992642998695374,0.9992684125900269,0.9993689656257628,0.999540627002716,0.9989111423492432,0.9997725486755372,0.9994769096374512,0.9999954700469972,0.999784529209137,0.9958727359771729,0.259575217962265,0.989665389060974,0.3981414437294006,0.980957567691803,0.3858766257762909,0.9800551533699036,0.3865875005722046,0.9605233669281006,0.3712970614433288,0.9998969435691832,0.9993561506271362,0.9798535704612732,0.4404076933860779,0.9935219883918762,0.661635160446167,0.9818003177642822,0.6978689432144165,0.9922820925712584,0.846197783946991
up,0.4462037086486816,0.4526706039905548,0.4544630348682403,0.4563231766223907,0.4515623152256012,0.4525106847286224,0.4535199701786041,0.4694665968418121,0.4659262895584106,0.4520330727100372,0.4503279626369476,0.486542135477066,0.4805145263671875,0.505985677242279,0.4952824711799621,0.5203393697738647,0.511833667755127,0.5237503051757812,0.5160076022148132,0.514999508857727,0.5098932981491089,0.5130191445350647,0.5075282454490662,0.4934562146663666,0.4852622747421264,0.4744896292686462,0.4701666235923767,0.4844895601272583,0.4836741089820862,0.4990074336528778,0.494893729686737,0.4376049637794494,0.4468725621700287,0.1469424366950988,0.1312243938446045,0.1311478465795517,0.1310397982597351,0.1307820677757263,0.1303495466709137,0.1298235803842544,0.1377294212579727,0.1360581219196319,0.1615956276655197,0.1618291288614273,0.2285215258598327,0.2278744280338287,0.3678188920021057,0.3592807948589325,0.4970804750919342,0.4608395099639892,0.5297606587409973,0.4982860386371612,0.5350158214569092,0.5102877020835876,0.5254641175270081,0.4994446337223053,0.4951233565807342,0.4843699634075165,0.6845296025276184,0.6433323621749878,0.8624556064605713,0.7787328958511353,0.9010350704193116,0.8018380999565125,0.9108691215515136,0.8154762387275696,-0.1777333766222,-0.2007999420166015,-0.2008321583271026,-0.2009114325046539,-0.1638097763061523,-0.1637646555900573,-0.1638023853302002,-0.2528730034828186,-0.0887048095464706,-0.1931188851594925,-0.1453945040702819,-0.3198091685771942,0.036488089710474,-0.3511087000370025,0.0968638435006141,-0.3441381156444549,0.0480609983205795,-0.3847934305667877,0.0499953478574752,-0.3819442391395569,0.0143700707703828,-0.3412958681583404,0.0317516140639781,-0.1110113188624382,0.1110289990901947,-0.0588136911392211,0.2611563503742218,0.0120292119681835,0.4452295303344726,0.013172635808587,0.4610233604907989,-0.0873595401644706,0.4302548766136169,0.9984082579612732,0.9985321760177612,0.9988968968391418,0.9991725087165833,0.9979668855667114,0.9977867007255554,0.9978961944580078,0.999303936958313,0.9962708353996276,0.999202311038971,0.9981482028961182,0.9999733567237854,0.998567521572113,0.9813292026519777,0.0662549138069152,0.9194567799568176,0.0709142833948135,0.8905077576637268,0.083995908498764,0.8861818909645081,0.0832688361406326,0.8477302193641663,0.084267720580101,0.9999004602432252,0.9989944696426392,0.9840009808540344,0.4071802496910095,0.9924811720848083,0.5493576526641846,0.9803071022033693,0.621931791305542,0.9887269139289856,0.7424160242080688
up,0.4473429024219513,0.454410970211029,0.4562928378582001,0.4582006633281708,0.4529862701892853,0.4538487195968628,0.4548093974590301,0.471426397562027,0.467988908290863,0.4525652229785919,0.4511807858943939,0.486209511756897,0.4812892079353332,0.4933534860610962,0.4826906323432922,0.4924315512180328,0.4775696992874145,0.4958484768867492,0.4712424576282501,0.4867167770862579,0.4742327630519867,0.4863971173763275,0.4771060347557068,0.483186274766922,0.4773900210857391,0.4850623905658722,0.4813618957996368,0.4882221817970276,0.4960053563117981,0.5001899003982544,0.5059050917625427,0.4409878551959991,0.4562442600727081,0.2039860934019088,0.1878388226032257,0.1879747658967971,0.1881830841302871,0.1878028064966201,0.187778502702713,0.1877288520336151,0.196316048502922,0.1945554763078689,0.2192907184362411,0.2199277132749557,0.2844420075416565,0.2858765721321106,0.4419215321540832,0.4276539981365204,0.5940500497817993,0.5501648783683777,0.6250161528587341,0.5878096222877502,0.6254863142967224,0.5907154083251953,0.6145628690719604,0.5812710523605347,0.5521880388259888,0.5434854626655579,0.7431968450546265,0.6980248093605042,0.9219158291816713,0.8340479135513306,0.9654573798179626,0.8535119891166687,0.9721020460128784,0.8807635307312012,-0.1896203607320785,-0.2135632336139679,-0.2135784924030304,-0.2136366516351699,-0.1770127713680267,-0.1769918650388717,-0.1770449727773666,-0.2646370232105255,-0.1018463000655174,-0.2038088589906692,-0.1566241383552551,-0.3256473839282989,0.0246065165847539,-0.3546325266361236,0.0801416859030723,-0.3421254456043243,0.0227028522640466,-0.3808318674564361,0.021948093548417,-0.3802801370620727,-0.0136243142187595,-0.3405874073505401,0.0060707982629537,-0.1106480360031127,0.110622800886631,-0.0595612935721874,0.3011075556278229,0.0028834040276706,0.5056117177009583,0.0031131729483604,0.5241833925247192,-0.1051008552312851,0.4952472448348999,0.9990312457084656,0.9990820288658142,0.9992939233779908,0.9994605779647828,0.9986833930015564,0.9985781311988832,0.9986740350723268,0.9995393753051758,0.997949242591858,0.9994869232177734,0.998907208442688,0.9999800324440002,0.998991847038269,0.9879655838012696,0.0822436287999153,0.9598127007484436,0.1118709221482276,0.941600739955902,0.1208266839385032,0.9391967058181764,0.1207277104258537,0.9142307639122008,0.1231070756912231,0.999860405921936,0.9988378286361694,0.9590882658958436,0.2972849011421203,0.9789845943450928,0.3993328511714935,0.9590734839439392,0.5308077931404114,0.971683144569397,0.6618458032608032
down,0.5211690068244934,0.5203105807304382,0.5196877717971802,0.5190165042877197,0.518652617931366,0.5167853236198425,0.5148482322692871,0.5057628154754639,0.5018486976623535,0.5138601064682007,0.5119118094444275,0.4713560938835144,0.4690568149089813,0.5097314119338989,0.534079372882843,0.5220072269439697,0.5323688983917236,0.523788571357727,0.535565972328186,0.5155726671218872,0.5265854597091675,0.512147068977356,0.5231113433837891,0.3970740735530853,0.3823577165603637,0.4815629124641418,0.4869261384010315,0.4307772517204284,0.427955687046051,0.4143989384174347,0.4067143201828003,0.4560700356960296,0.4697343111038208,0.5176265239715576,0.5050543546676636,0.5046135187149048,0.5041344165802002,0.5039547681808472,0.5026401877403259,0.5012669563293457,0.4993169009685516,0.498041957616806,0.526177167892456,0.5251906514167786,0.5440404415130615,0.5398906469345093,0.6181594133377075,0.6308065056800842,0.5447351336479187,0.5455131530761719,0.5193291306495667,0.5257619619369507,0.5172469615936279,0.5186577439308167,0.5259272456169128,0.5249917507171631,0.6799047589302063,0.6931009888648987,0.7134643793106079,0.7457088828086853,0.8465275764465332,0.8989037275314331,0.8579573631286621,0.9206796884536744,0.8917468786239624,0.9569498896598816,0.0288636181503534,0.0373648442327976,0.0373154953122139,0.0372870340943336,0.0079152649268507,0.0078362310305237,0.0078155379742383,0.0925412997603416,-0.0398094169795513,0.0529221333563327,0.0142941009253263,0.1867221742868423,-0.1044548079371452,0.2642650306224823,-0.07755908370018,0.3027526438236236,0.0817135795950889,0.3191473186016083,0.0857476964592933,0.3284285962581634,0.0775744915008544,0.3059623539447784,0.0834920033812522,0.0982871130108833,-0.0981095805764198,0.2028347849845886,-0.232575312256813,0.2830311357975006,-0.3165091574192047,0.2900990545749664,-0.323370486497879,0.2837721407413482,-0.36355060338974,0.999722957611084,0.9997631311416626,0.9997705817222596,0.9997771382331848,0.9997716546058656,0.9998365044593812,0.9998632669448853,0.9997410774230956,0.999805510044098,0.9993640780448914,0.999460756778717,0.9986247420310974,0.9997923970222472,0.2824710607528686,0.9435769319534302,0.1744325459003448,0.8825380206108093,0.145657017827034,0.8456257581710815,0.1468105614185333,0.8506086468696594,0.1537445932626724,0.8367649912834167,0.9996711611747742,0.9998733401298524,0.4552785456180572,0.990368127822876,0.630713164806366,0.9950954914093018,0.6182814836502075,0.9892646074295044,0.7444972991943359,0.9932765364646912
arched_back,0.3556120693683624,0.3579326868057251,0.3592768609523773,0.3606576323509216,0.3577815592288971,0.3589526116847992,0.3602018356323242,0.3740930557250976,0.372972697019577,0.3628388941287994,0.3623228669166565,0.399322360754013,0.3987841010093689,0.3391528129577636,0.3535605669021606,0.332375556230545,0.33865687251091,0.322803795337677,0.3296786248683929,0.3369230031967163,0.3407691717147827,0.3423366248607635,0.3453215956687927,0.4572944343090057,0.4497795701026916,0.3515206575393677,0.3615992665290832,0.4172528386116028,0.421290785074234,0.4400466084480285,0.4405826032161712,0.3840183019638061,0.4071466326713562,0.3107978105545044,0.2961089611053467,0.29547780752182,0.2948060631752014,0.2962465584278106,0.2956298887729645,0.2948563396930694,0.2972108125686645,0.2962289750576019,0.3232621848583221,0.3240353763103485,0.3625251352787018,0.3658970296382904,0.4565084874629974,0.4486134946346283,0.3738398551940918,0.3761025369167328,0.3533671796321869,0.3540438115596771,0.344630628824234,0.3494763970375061,0.3538468778133392,0.3587673604488373,0.553256094455719,0.537527859210968,0.6430429220199585,0.6003525853157043,0.7796004414558411,0.7190808653831482,0.8014224767684937,0.7366977334022522,0.8268813490867615,0.7763631343841553,-0.0097889909520745,-0.0306187327951192,-0.0305707361549139,-0.0306242182850837,-0.0039659305475652,-0.0039725666865706,-0.0039501669816672,-0.0773157849907875,0.0349612608551979,-0.0256511103361845,0.0080120833590626,-0.1521236300468444,0.1378129422664642,-0.1099399328231811,0.1743510216474533,0.07178196310997,0.1481046676635742,0.0735068842768669,0.1514689922332763,0.0686636269092559,0.1557716876268386,0.0752967372536659,0.1476611047983169,-0.0993667542934417,0.0994808673858642,-0.1395346969366073,0.2038711756467819,-0.128195658326149,0.3093315064907074,-0.1244056895375251,0.317324697971344,-0.1393954008817672,0.3227408826351166,0.9999616742134094,0.9999800324440002,0.9999839067459106,0.9999825358390808,0.9999700784683228,0.999970316886902,0.9999712705612184,0.9999836087226868,0.999963104724884,0.9999606609344482,0.9999259114265442,0.9999797344207764,0.9997557401657104,0.9425888061523438,0.1392611563205719,0.888528048992157,0.1406886875629425,0.8682856559753418,0.1634686440229416,0.866830050945282,0.1529393643140792,0.8371434807777405,0.1513390094041824,0.9999765157699584,0.9999368786811828,0.992900550365448,0.3552384674549103,0.9961925148963928,0.6050353646278381,0.992142140865326,0.7009729146957397,0.9963748455047609,0.7998391389846802
half_reps,0.5088838934898376,0.5115006566047668,0.5128676295280457,0.5143784284591675,0.5100512504577637,0.5102397799491882,0.5105233192443848,0.524596095085144,0.5194036960601807,0.5134758353233337,0.5114655494689941,0.54237961769104,0.53059321641922,0.5305241942405701,0.5238507390022278,0.4997274577617645,0.4905543029308319,0.4946982264518738,0.4844215512275696,0.4916455149650574,0.482188731431961,0.4927963316440582,0.4851018488407135,0.5983156561851501,0.5818904042243958,0.5379116535186768,0.5337553024291992,0.564564049243927,0.5512298941612244,0.5788548588752747,0.5605907440185547,0.5334985852241516,0.5214305520057678,0.3838610649108886,0.371455430984497,0.371317446231842,0.3711542189121246,0.3708409368991852,0.3703141510486603,0.3696700632572174,0.3757833838462829,0.3738452792167663,0.3949318528175354,0.3953451514244079,0.4417592883110046,0.4355702698230743,0.5455201864242554,0.5238739848136902,0.6219155192375183,0.5910630226135254,0.6542870402336121,0.6041384935379028,0.6491649150848389,0.6042876243591309,0.6363232135772705,0.6007688641548157,0.5788279175758362,0.5692986249923706,0.6811386942863464,0.6574907898902893,0.8245049118995667,0.7827019691467285,0.8484299182891846,0.8022178411483765,0.851837694644928,0.8046218156814575,-0.133158653974533,-0.1468407362699508,-0.1468470245599746,-0.1468610763549804,-0.1224593967199325,-0.1224858909845352,-0.1225092709064483,-0.1705578118562698,-0.0633004680275917,-0.1398288309574127,-0.1083604395389556,-0.2204799056053161,0.0380624756217002,-0.2446971833705902,0.0890352204442024,-0.2392202764749527,0.0571698769927024,-0.2681142687797546,0.0634610429406166,-0.2562556266784668,0.037828043103218,-0.234029933810234,0.0459695793688297,-0.0833247900009155,0.083375446498394,-0.1189567595720291,0.0891134887933731,-0.0839023068547248,0.1741617769002914,-0.0812561437487602,0.1817928999662399,-0.1217497810721397,0.1772378087043762,0.9996535181999208,0.9996221661567688,0.9996681213378906,0.999741792678833,0.9995648860931396,0.9995596408843994,0.9996172189712524,0.9996641874313354,0.9993184208869934,0.9998204112052916,0.9996378421783448,0.9999936819076538,0.9997810125350952,0.9951053857803344,0.3469412624835968,0.9878617525100708,0.4771052896976471,0.9777355790138244,0.4554488658905029,0.9767059683799744,0.4549487829208374,0.9553346633911132,0.4408968389034271,0.9999049305915833,0.9994388818740844,0.9805325269699096,0.4466131627559662,0.9919902086257936,0.6073561906814575,0.9795809388160706,0.6442114114761353,0.989324688911438,0.7764725685119629
half_reps,0.3935342133045196,0.3957282304763794,0.3968382775783539,0.3979594111442566,0.3958631157875061,0.3970367014408111,0.3982280790805816,0.4101893305778503,0.410360187292099,0.4002799093723297,0.4004813432693481,0.4373137652873993,0.4444821774959564,0.3743008375167846,0.3976693153381347,0.3670333325862884,0.3736718595027923,0.3567030131816864,0.3629650473594665,0.3696933090686798,0.3736520111560821,0.3762239515781402,0.3787226974964142,0.5056602358818054,0.4974659383296966,0.4132717251777649,0.4239263832569122,0.4578414857387543,0.4631309509277344,0.4778432846069336,0.4797626435756683,0.4160043597221374,0.4340790510177612,0.3251264691352844,0.3106647133827209,0.3100306391716003,0.3092770278453827,0.3098354339599609,0.3085706532001495,0.3070757389068603,0.3101966083049774,0.3060460388660431,0.3363172113895416,0.3360527157783508,0.382608950138092,0.3692598640918731,0.4697760343551636,0.4599781632423401,0.3907495141029358,0.3957173824310303,0.3635854423046112,0.3697539567947387,0.3569885492324829,0.3614976704120636,0.3678249418735504,0.3732251226902008,0.56971675157547,0.5509466528892517,0.6807290315628052,0.636458694934845,0.8625762462615967,0.786827564239502,0.8921904563903809,0.8126208186149597,0.9033225774765016,0.8211026787757874,-0.0083771599456667,-0.0301500856876373,-0.0300952866673469,-0.0301243159919977,-0.0011642875615507,-0.0011718578170984,-0.0011666992213577,-0.0801912173628807,0.0472036823630332,-0.0253968127071857,0.0114523703232407,-0.1568219363689422,0.1504271924495697,-0.1189794763922691,0.1678275316953659,0.063089519739151,0.1137637794017791,0.0622959323227405,0.1125991567969322,0.0555288419127464,0.1146466583013534,0.0660547688603401,0.1117097064852714,-0.1057694032788276,0.1059207394719123,-0.1932331621646881,0.2175575196743011,-0.2483564764261245,0.3144083321094513,-0.2526215016841888,0.3223755955696106,-0.2961993217468261,0.3190550208091736,0.9998616576194764,0.9998972415924072,0.9999152421951294,0.9999282956123352,0.9998242259025574,0.9997922778129578,0.9997658729553224,0.9999405741691588,0.9996331930160522,0.9999101161956788,0.9997767806053162,0.9999788999557496,0.9995047450065612,0.9714123010635376,0.1521271169185638,0.9043286442756652,0.1663102209568023,0.8784315586090088,0.181571826338768,0.876469612121582,0.1778025478124618,0.8322027921676636,0.1733750402927398,0.99995094537735,0.9996590614318848,0.9860374927520752,0.4039632081985473,0.9934473037719728,0.6356010437011719,0.9837093949317932,0.6777828335762024,0.9935001134872437,0.8108489513397217
half_reps,0.3952375054359436,0.3957123756408691,0.3966609835624695,0.397597461938858,0.3960834443569183,0.3972700238227844,0.3985607028007507,0.4099287092685699,0.411136269569397,0.4025481343269348,0.4029140472412109,0.4369316399097442,0.44794762134552,0.3789669871330261,0.401397168636322,0.371440976858139,0.3814252018928528,0.3613347113132477,0.3732456862926483,0.3749167025089264,0.3825625479221344,0.3802133500576019,0.3875053226947784,0.5132566690444946,0.5092255473136902,0.4113941192626953,0.4218065440654754,0.4600304067134857,0.4627439379692077,0.4814547598361969,0.4803365468978882,0.4183100461959839,0.4383606612682342,0.3903775513172149,0.3757456541061401,0.374980628490448,0.3742654323577881,0.3753193914890289,0.374089628458023,0.3727266490459442,0.3729045987129211,0.3693879544734955,0.4004009664058685,0.4005695879459381,0.4357953667640686,0.4227788150310516,0.5225241780281067,0.4981800317764282,0.4476190507411957,0.441981554031372,0.4286234676837921,0.4225421845912933,0.4173005223274231,0.4133017957210541,0.4243650138378143,0.4193148016929626,0.6116679906845093,0.5954214930534363,0.687803328037262,0.6478627920150757,0.8646826148033142,0.7989863157272339,0.8904356360435486,0.8191545605659485,0.9040533900260924,0.8516495227813721,-0.0095052262768149,-0.031489260494709,-0.0314361974596977,-0.0314944200217723,-0.0045812805183231,-0.0045795170590281,-0.004539287649095,-0.0812233015894889,0.0379458554089069,-0.0265466347336769,0.0079640764743089,-0.1622837334871292,0.1390608996152877,-0.1216936782002449,0.2320564240217209,0.062811367213726,0.2575092315673828,0.061145432293415,0.2697581052780151,0.0537208914756774,0.268966406583786,0.0648304894566536,0.2564775943756103,-0.1053175255656242,0.1054313033819198,-0.1499624997377395,0.217170313000679,-0.1735918819904327,0.3073525428771972,-0.1739013493061065,0.3152320086956024,-0.2042817026376724,0.3138021528720855,0.9998897910118104,0.999949038028717,0.9999589920043944,0.99996680021286,0.9999157786369324,0.999895453453064,0.9998860955238342,0.9999515414237976,0.9998168349266052,0.9998975396156312,0.9998087286949158,0.9999759793281556,0.999028742313385,0.9616808891296388,0.1064882725477218,0.8912097811698914,0.0816803649067878,0.8662785887718201,0.096534863114357,0.8637229800224304,0.0922860577702522,0.8320733308792114,0.0917342975735664,0.9999788999557496,0.9998529553413392,0.9853613376617432,0.2789400815963745,0.9944457411766052,0.5224469304084778,0.9904098510742188,0.638860821723938,0.994431734085083,0.7282950282096863
down,0.4052411615848541,0.409088522195816,0.4107022583484649,0.412288099527359,0.4074715375900268,0.408041775226593,0.408633291721344,0.4250340461730957,0.421427309513092,0.4132493734359741,0.411239892244339,0.4503226578235626,0.4517950415611267,0.3812640905380249,0.418362021446228,0.388102650642395,0.4020040333271026,0.3824151754379272,0.4006052613258362,0.3931320309638977,0.4049902856349945,0.3983491361141205,0.4062765836715698,0.5167614221572876,0.5042040944099426,0.4186365008354187,0.4254616796970367,0.4738892018795013,0.4771732687950134,0.4913435876369476,0.4939688742160797,0.4361278712749481,0.463928610086441,0.5048477649688721,0.491329163312912,0.490833431482315,0.4903823435306549,0.4912270009517669,0.4904540479183197,0.4894941449165344,0.4938861429691314,0.4881463646888733,0.5159772038459778,0.5157804489135742,0.5688353180885315,0.5273386836051941,0.6165228486061096,0.5996044874191284,0.525119960308075,0.5778890252113342,0.5037487745285034,0.5766876339912415,0.5014892220497131,0.5698018074035645,0.5087875723838806,0.571197509765625,0.724304735660553,0.6879715323448181,0.7458208203315735,0.7143353223800659,0.8833460211753845,0.8330391049385071,0.9076865315437316,0.8559659719467163,0.9235925078392028,0.8816354274749756,-0.077989213168621,-0.0967175886034965,-0.0966819077730178,-0.0967278555035591,-0.0723420083522796,-0.0723593160510063,-0.072347268462181,-0.1315061151981353,-0.0251997280865907,-0.0889009907841682,-0.0575624518096447,-0.175471693277359,0.0686381682753562,-0.147916704416275,0.1888947933912277,-0.0070031587965786,0.264514684677124,-0.0104258442297577,0.2804944217205047,-0.0266661513596773,0.2778811752796173,-0.0101080182939767,0.2648659944534302,-0.0856556892395019,0.0857307091355323,-0.1045403406023979,0.2128092795610427,-0.0899444445967674,0.2960596978664398,-0.0870070159435272,0.3037721514701843,-0.1011080667376518,0.3129028975963592,0.9998223781585692,0.9999012351036072,0.9999229311943054,0.9999384880065918,0.9998503923416138,0.9998314380645752,0.9998291730880736,0.99991774559021,0.9997310638427734,0.9998463988304138,0.9997142553329468,0.9999473690986632,0.9991205334663392,0.9652473330497742,0.1226161569356918,0.867870032787323,0.0704264938831329,0.8388129472732544,0.0842984393239021,0.8407237529754639,0.0811840668320655,0.8064979314804077,0.0831917896866798,0.9999577403068542,0.9998154640197754,0.973578929901123,0.3953591883182525,0.9892942905426024,0.5765827894210815,0.984215497970581,0.6374325156211853,0.988838791847229,0.7184396386146545
down,0.4932418763637543,0.4909952580928802,0.4907507598400116,0.4904725253582001,0.4879790544509887,0.4856232106685638,0.4830392301082611,0.4764767289161682,0.4700967967510223,0.4872908294200897,0.4845388233661651,0.4499472677707672,0.4429491758346557,0.4939476251602173,0.5156176686286926,0.500573456287384,0.5062654614448547,0.5013224482536316,0.5105851888656616,0.4937183260917663,0.5009080171585083,0.4918217658996582,0.4968880414962768,0.3862804174423218,0.368084043264389,0.4656304717063904,0.4697954952716827,0.4200829863548279,0.4084669649600982,0.402292251586914,0.3889873921871185,0.4391385316848755,0.4456464946269989,0.5158865451812744,0.5002046823501587,0.5004333257675171,0.5006479620933533,0.4988694489002228,0.4984905123710632,0.4979747533798218,0.5005569458007812,0.4990434348583221,0.5284844636917114,0.5275136828422546,0.5398563146591187,0.5587440133094788,0.6007159352302551,0.6432600021362305,0.5449915528297424,0.5511789321899414,0.514850378036499,0.5286785960197449,0.5127991437911987,0.5217889547348022,0.5255156755447388,0.5289468765258789,0.6846180558204651,0.7103965282440186,0.7072176337242126,0.7530830502510071,0.838103711605072,0.9020280838012696,0.8476892709732056,0.9229215979576112,0.8645671010017395,0.9478114247322084,-0.0828856974840164,-0.0699952766299247,-0.0700474977493286,-0.0701065808534622,-0.0964712873101234,-0.096564382314682,-0.0965838953852653,0.0044105229899287,-0.1121771037578582,-0.0523112192749977,-0.0863585844635963,0.120106428861618,-0.1682971268892288,0.1864299029111862,-0.1394130885601043,0.1971268653869629,0.021780788898468,0.2044742852449417,0.0224431678652763,0.2122314870357513,0.0108858300372958,0.1982691138982772,0.0216993931680917,0.0989932119846344,-0.0988218560814857,0.1740023344755172,-0.2063061296939849,0.2643824815750122,-0.2156446427106857,0.2745298147201538,-0.2145231217145919,0.2829160690307617,-0.2306859344244003,0.9992547035217284,0.9993396997451782,0.9992668628692628,0.9993152022361756,0.99947190284729,0.9995684623718262,0.9996472001075744,0.9989449381828308,0.9994271993637084,0.9980396628379822,0.9981731176376344,0.9975610971450806,0.9990776181221008,0.2805117964744568,0.9662652611732484,0.2093663215637207,0.9289867281913756,0.1749555617570877,0.8964741826057434,0.1758892238140106,0.9009665250778198,0.1864972114562988,0.8837411403656006,0.9990545511245728,0.9996932148933412,0.5451671481132507,0.9858559370040894,0.5926511883735657,0.9907729625701904,0.607694149017334,0.980117917060852,0.7119483351707458,0.9874078035354614
up,0.4649354517459869,0.4606249630451202,0.4600687325000763,0.4592691957950592,0.4575943946838379,0.455125629901886,0.4523072838783264,0.4463596642017364,0.4387474358081817,0.4602247178554535,0.4565783143043518,0.4281221628189087,0.4201102256774902,0.4069206416606903,0.3839454650878906,0.3813410699367523,0.3660703599452972,0.3768306672573089,0.3569274246692657,0.381669819355011,0.3646260201931,0.3844638764858246,0.3697145581245422,0.4180521667003631,0.4016742408275604,0.4167303740978241,0.4017650187015533,0.4059726297855377,0.3972555994987488,0.3970676958560943,0.3852533996105194,0.4486697614192962,0.4469048082828522,0.1800263822078704,0.1633157730102539,0.1631892919540405,0.1630119383335113,0.1630926132202148,0.162989467382431,0.1629850566387176,0.1684354096651077,0.17074915766716,0.1961448937654495,0.1960343569517135,0.2501997351646423,0.2574199140071869,0.3864802718162536,0.3990862965583801,0.517094075679779,0.5428971648216248,0.5507000088691711,0.5783990621566772,0.5502772927284241,0.5838390588760376,0.5403934717178345,0.5720610022544861,0.5112949013710022,0.5225697159767151,0.6744144558906555,0.7141662836074829,0.8137582540512085,0.9006233215332031,0.844383180141449,0.9423174262046814,0.8589704036712646,0.9620691537857056,-0.3304891288280487,-0.3152496218681335,-0.3152422606945038,-0.3151746988296509,-0.3549270629882812,-0.355018675327301,-0.3551473915576935,-0.2144446820020675,-0.3952793776988983,-0.2871206402778625,-0.3395765721797943,-0.0575203448534011,-0.4383869469165802,0.0105745019391179,-0.501335084438324,-0.0443149991333484,-0.5193643569946289,-0.0515896677970886,-0.5685961842536926,-0.0823231786489486,-0.5660369396209717,-0.0603291653096675,-0.5185344219207764,0.1275156587362289,-0.1275276988744735,0.349725604057312,-0.0213069804012775,0.6116526126861572,0.1002030074596405,0.6344679594039917,0.1057457700371742,0.5916230082511902,-0.0124528585001826,0.9988104104995728,0.9971174001693726,0.996757745742798,0.9973989129066468,0.998357355594635,0.9984030723571776,0.9987147450447084,0.9923351407051086,0.9980301856994628,0.9975325465202332,0.9989619255065918,0.9980945587158204,0.9999327659606934,0.0980317816138267,0.9855654835700988,0.1850103586912155,0.9664008021354676,0.2016426026821136,0.9521692395210266,0.2012427896261215,0.9488702416419984,0.1990041136741638,0.9224255084991456,0.9979247450828552,0.9994757771492004,0.5531324744224548,0.9914706349372864,0.7030777335166931,0.9913525581359864,0.7070572972297668,0.9669471383094788,0.8391541242599487,0.987213134765625
up,0.432340919971466,0.43785560131073,0.4401192665100097,0.4426054358482361,0.4347966313362121,0.4348644614219665,0.4350391626358032,0.4571357071399688,0.4478503465652466,0.440305083990097,0.4366455674171448,0.4824351668357849,0.4633397459983825,0.4733873009681701,0.4605135917663574,0.4223238229751587,0.4275504052639007,0.4069633483886719,0.4184322655200958,0.4089722037315368,0.419313371181488,0.4149342477321625,0.4235764443874359,0.4713475406169891,0.4555963575839996,0.459627240896225,0.4507611393928528,0.4657886922359466,0.4638792872428894,0.4780613780021667,0.4716326296329498,0.4216446578502655,0.4317275583744049,0.1784450560808181,0.1631343811750412,0.163237527012825,0.1632285863161087,0.16219063103199,0.1615781188011169,0.160848930478096,0.1686807423830032,0.1652461886405944,0.1960645467042923,0.1952612251043319,0.2588222324848175,0.2482195496559143,0.4028302133083343,0.3840825855731964,0.3887043595314026,0.4496541619300842,0.3851574063301086,0.4680497646331787,0.3650554716587066,0.4607733190059662,0.3638599514961242,0.4522328078746795,0.5241666436195374,0.509052574634552,0.7159189581871033,0.6710343360900879,0.8975281715393066,0.8096405863761902,0.9337433576583862,0.8307316303253174,0.941577136516571,0.8502534627914429,-0.1931863576173782,-0.2140485197305679,-0.2140697538852691,-0.2141550630331039,-0.1795286536216735,-0.1795045584440231,-0.179546371102333,-0.2383578270673751,-0.0828731432557106,-0.1963221728801727,-0.1518313288688659,-0.2755776047706604,0.0526122935116291,-0.2343665510416031,0.0968374833464622,-0.0943337604403495,-0.0001329304359387,-0.1056773290038108,-0.0120457066223025,-0.102789469063282,-0.0407358519732952,-0.0867810994386673,-0.0161399971693754,-0.1121330112218856,0.1121616512537002,-0.0597888752818107,0.2962109744548797,-0.0118008814752101,0.4854839146137237,-0.0106536541134119,0.5017504692077637,-0.1101250275969505,0.4705564379692077,0.99978506565094,0.9998152256011964,0.9998281002044678,0.9998210072517396,0.9997669458389282,0.9997544884681702,0.9997462630271912,0.9999008774757384,0.9996222853660583,0.999861776828766,0.9997276663780212,0.9999592900276184,0.9996194243431092,0.97029048204422,0.0571458078920841,0.8443412184715271,0.0973468050360679,0.7939807772636414,0.1364244669675827,0.7917423844337463,0.1400081068277359,0.7289226055145264,0.1388373076915741,0.999773383140564,0.9991005063056946,0.9869381189346312,0.7237085103988647,0.9919063448905944,0.8623725771903992,0.977550208568573,0.8419510126113892,0.9893830418586732,0.923452854156494
arched_back,0.3362274169921875,0.3391344249248504,0.3407869935035705,0.3425803780555725,0.3385577201843261,0.3396559953689575,0.3409387767314911,0.3566074073314667,0.3543322384357452,0.3447420299053192,0.3439298868179321,0.3831526041030884,0.3839346170425415,0.3260490596294403,0.3413994014263153,0.3219918012619018,0.3283445537090301,0.3122982680797577,0.3172736465930938,0.3289979100227356,0.3271676003932953,0.3343396186828613,0.3356496095657348,0.4485031366348266,0.4392919242382049,0.3504742085933685,0.3616625964641571,0.4143992960453033,0.4175004065036773,0.4354850947856903,0.4363355934619903,0.3788949251174927,0.4032357037067413,0.2945750951766968,0.2777626514434814,0.276671439409256,0.2756016254425049,0.2780933380126953,0.2771748900413513,0.2760885655879974,0.2764604389667511,0.2752037942409515,0.3069257438182831,0.3068683743476867,0.3507755398750305,0.3410154581069946,0.4488468766212463,0.4353468120098114,0.3721960484981537,0.3717076480388641,0.3465780913829803,0.3426865935325622,0.3386432528495788,0.3399877548217773,0.3486708998680115,0.3453429043292999,0.5342389941215515,0.5144224762916565,0.6311947107315063,0.5863488912582397,0.7700451612472534,0.7107197642326355,0.7896690964698792,0.7268552184104919,0.8168510794639587,0.7767273783683777,-0.0331577099859714,-0.0548725835978984,-0.0548395849764347,-0.0549034066498279,-0.0266465973109006,-0.0266311783343553,-0.0266017913818359,-0.1023318991065025,0.0209700241684913,-0.0492304489016532,-0.0133964130654931,-0.1697346419095993,0.1204752847552299,-0.139056384563446,0.1464755833148956,0.0370597057044506,0.1086195781826973,0.0361301712691783,0.1105712801218032,0.0293339285999536,0.1157465353608131,0.0395916029810905,0.1083348095417022,-0.1007173731923103,0.1009007692337036,-0.1417566239833831,0.1976780146360397,-0.1137704774737358,0.299435943365097,-0.1084910333156585,0.3087900578975677,-0.1169397309422493,0.317963182926178,0.9999467730522156,0.999969720840454,0.9999737739562988,0.9999737739562988,0.9999538660049438,0.9999513030052184,0.9999541640281676,0.9999697804450988,0.999937117099762,0.9999427795410156,0.9998961091041564,0.9999794363975524,0.9997283220291138,0.951127290725708,0.1250018030405044,0.8743185997009277,0.1220851689577102,0.8530445098876953,0.1390532404184341,0.8541277647018433,0.1323290020227432,0.8214262127876282,0.1317391395568847,0.9999628067016602,0.9998669028282166,0.9883066415786744,0.4021016657352447,0.9942561388015748,0.6387413740158081,0.987471342086792,0.6924643516540527,0.994482159614563,0.8007216453552246
half_reps,0.4096544981002807,0.4120327830314636,0.4135242700576782,0.4150885641574859,0.4111272990703583,0.4119008481502533,0.4127311408519745,0.4288457632064819,0.4262503683567047,0.4170262217521667,0.4156948626041412,0.4510484933853149,0.4596592783927917,0.3840959668159485,0.4149141609668731,0.3747608065605163,0.3822914063930511,0.3668934404850006,0.3744708001613617,0.3795134723186493,0.3837483525276184,0.3825341165065765,0.38657146692276,0.4986348152160644,0.4954065978527069,0.4124392569065094,0.4224320352077484,0.4651511013507843,0.4735601544380188,0.4832929372787475,0.4879621565341949,0.4226201772689819,0.4420263171195984,0.2549875676631927,0.2394355237483978,0.2387175112962722,0.2379734963178634,0.2394345849752426,0.2386565059423446,0.2377193868160247,0.2417276948690414,0.2402218282222747,0.2690347135066986,0.2700178325176239,0.3162117600440979,0.3132553696632385,0.3939713537693023,0.4030255377292633,0.3065915405750274,0.3310435116291046,0.2810432612895965,0.2972849607467651,0.2738709449768066,0.2923535704612732,0.2833549082279205,0.3089845180511474,0.536379337310791,0.5191459059715271,0.6719082593917847,0.6309224963188171,0.8510347008705139,0.7734478712081909,0.8814637660980225,0.792892575263977,0.8851724863052368,0.8020048141479492,-0.018470911309123,-0.041330512613058,-0.0413063615560531,-0.0413640141487121,-0.0105607323348522,-0.0105308005586266,-0.0105103803798556,-0.0930852144956588,0.0431922636926174,-0.0346392840147018,0.0046799322590231,-0.1710602939128875,0.1536467224359512,-0.1438248306512832,0.2130427062511444,0.0257287677377462,0.2037630528211593,0.0202901698648929,0.2092222571372985,0.0204269457608461,0.2022600919008255,0.0307798609137535,0.1986543536186218,-0.1114688888192176,0.1116640046238899,-0.1534347534179687,0.2125572860240936,-0.1635249406099319,0.3419414162635803,-0.1636956334114074,0.3539418876171112,-0.2021907866001129,0.3531314730644226,0.9998511672019958,0.9998728036880492,0.9998909831047058,0.9999070763587952,0.9998100399971008,0.9997959733009338,0.999805212020874,0.9999127984046936,0.9996631145477296,0.9998989701271056,0.9997774958610536,0.99998539686203,0.9996803998947144,0.9717257022857666,0.1080869287252426,0.895818293094635,0.1137408092617988,0.8671596050262451,0.1310439705848693,0.8670976161956787,0.1301157474517822,0.8191900253295898,0.1306274682283401,0.9999396204948424,0.9996431469917296,0.9833951592445374,0.4800397157669067,0.9931442141532898,0.6820327043533325,0.9795100688934326,0.6875196695327759,0.9929028153419496,0.8311851620674133
down,0.4851158261299133,0.4839498400688171,0.4837146401405334,0.4834224581718445,0.480984091758728,0.4786933064460754,0.4763462245464325,0.4697615504264831,0.4639400541782379,0.4798720180988312,0.4767453372478485,0.4397186636924743,0.4383459389209747,0.4952978789806366,0.5136582851409912,0.4959245920181274,0.4985019266605377,0.4942798316478729,0.5021354556083679,0.4840526580810547,0.490195482969284,0.4819954335689544,0.4863942265510559,0.3804057240486145,0.3634621500968933,0.4628623127937317,0.4632509648799896,0.4061891734600067,0.401310384273529,0.3934963643550873,0.3813672959804535,0.4260082542896271,0.4389213621616363,0.4983649849891662,0.4835630655288696,0.4834304749965668,0.4832665920257568,0.4822885692119598,0.4813136458396911,0.480316162109375,0.4816293716430664,0.4814523756504059,0.5125552415847778,0.5107059478759766,0.533373236656189,0.5506359338760376,0.5730763077735901,0.6259152889251709,0.5263869166374207,0.5376579165458679,0.4980381727218628,0.5150928497314453,0.4970746040344238,0.5103792548179626,0.5063285827636719,0.5181307196617126,0.6834352016448975,0.7070029377937317,0.712352454662323,0.7582641839981079,0.8304309844970703,0.9027336239814758,0.8452115058898926,0.9237681031227112,0.8630685806274414,0.9515495896339417,-0.0941739231348037,-0.0806088969111442,-0.0806616023182869,-0.0807145088911056,-0.1052049398422241,-0.1053004041314125,-0.1053081303834915,-0.0058231544680893,-0.1180194467306137,-0.0640201643109321,-0.0958771184086799,0.1092223897576332,-0.1707835793495178,0.177549347281456,-0.1434145122766494,0.1982394307851791,0.0133411306887865,0.2070339322090149,0.0123213082551956,0.2137248665094375,0.0016811966197565,0.1988824009895324,0.0130950175225734,0.1001837998628616,-0.0999666005373001,0.2044150978326797,-0.2031139284372329,0.3041402101516723,-0.2233284562826156,0.3149989545345306,-0.2237279564142227,0.3317805826663971,-0.2415941655635833,0.9996656775474548,0.999703288078308,0.9996535181999208,0.9996517896652222,0.9997578859329224,0.9998034834861756,0.9998313784599304,0.9996017217636108,0.9997159838676452,0.9986626505851746,0.998770833015442,0.9974341988563538,0.9992220401763916,0.2562207877635956,0.965923309326172,0.1811343282461166,0.9180678725242616,0.1578350961208343,0.8828399777412415,0.1614638715982437,0.8900103569030762,0.1733827441930771,0.8759445548057556,0.9992637634277344,0.9997292160987854,0.5356561541557312,0.9866312742233276,0.5863068103790283,0.991067349910736,0.5999385714530945,0.9799821972846984,0.703106701374054,0.9873812198638916
half_reps,0.519055962562561,0.5222898125648499,0.5236312747001648,0.5251525044441223,0.5212075114250183,0.5217435956001282,0.5226848125457764,0.5346182584762573,0.532554030418396,0.5243272185325623,0.5230180621147156,0.555622935295105,0.5432451367378235,0.5470793843269348,0.5336493849754333,0.5193742513656616,0.5095736980438232,0.5158295035362244,0.5023708343505859,0.5113861560821533,0.5016928315162659,0.5118833184242249,0.5052670836448669,0.6005585789680481,0.583885908126831,0.5480406880378723,0.5459004044532776,0.5698540210723877,0.5538116693496704,0.5827166438102722,0.5600720047950745,0.539441704750061,0.5249231457710266,0.3699793517589569,0.3569244742393493,0.3568056523799896,0.3565865457057953,0.3566182851791382,0.3563036918640136,0.3557904958724975,0.3609785139560699,0.3594779670238495,0.3811297416687011,0.3808714747428894,0.4315147697925567,0.422588050365448,0.5363086462020874,0.5138155221939087,0.6209572553634644,0.5775731205940247,0.6476901769638062,0.5927538275718689,0.6436337828636169,0.5975003242492676,0.6323150396347046,0.5947629809379578,0.5793420672416687,0.5682123899459839,0.7025453448295593,0.6722083687782288,0.8506952524185181,0.7927752733230591,0.871223509311676,0.80009526014328,0.8735697865486145,0.8138320446014404,-0.1019293516874313,-0.1173653230071067,-0.1173812374472618,-0.1173963397741317,-0.0918201133608818,-0.0918438807129859,-0.091888278722763,-0.1533260494470596,-0.0402087606489658,-0.1132515668869018,-0.080186977982521,-0.2018202990293502,0.0475651212036609,-0.2216391414403915,0.0903703495860099,-0.2130093574523925,0.0488938875496387,-0.2427591830492019,0.0534300059080123,-0.2332834899425506,0.0256754774600267,-0.2087664604187011,0.0365317910909652,-0.0768177434802055,0.0768462643027305,-0.1026258096098899,0.1501405835151672,-0.089254580438137,0.248977705836296,-0.0897732228040695,0.2574947774410248,-0.1400548070669174,0.2456582933664322,0.9996325969696044,0.999556601047516,0.9995980858802797,0.9997003078460692,0.999472439289093,0.9994930624961852,0.9995821118354796,0.999562680721283,0.9994267821311952,0.9997926354408264,0.9995383620262146,0.9999907612800598,0.9998212456703186,0.9935446977615356,0.4737500846385956,0.9922921657562256,0.6620311141014099,0.9867767691612244,0.6166041493415833,0.9859360456466676,0.6178703904151917,0.9719364643096924,0.604213297367096,0.9999539256095886,0.999721348285675,0.988262951374054,0.431801289319992,0.9936870336532592,0.5354872345924377,0.9814892411231996,0.5765891075134277,0.9880982041358948,0.6912887096405029
